SOH,102118,4/20/2022,OBC,803978,3/20/2022,4/20/2022,Central Mall ,Central Mall ,Central Mall ,,,,,,,,,,,
,,,,,,,,,,,,,,,,,,,,
SOL,102118,4/20/2022,OBC,803978,3/20/2022,4/20/2022,Central Mall ,Central Mall ,Central Mall ,703020,702002,1,7200033,,apbox,7,CM10AM,1,t,
SOL,102118,4/20/2022,OBC,803978,3/20/2022,4/20/2022,Central Mall ,Central Mall ,Central Mall ,703020,702002,2,7200032,,apbox,3,CM10AM,1,t,
,,,,,,,,,,,,,,,,,,,,
,,,,,,,,,,,,,,,,,,,,
,,,,,,,,,,,,,,,,,,,,
,,,,,,,,,,,,,,,,,,,,
,,,,,,,,,,,,,,,,,,,,
,,,,,,,,,,,,,,,,,,,,
SOH,102125,4/20/2022,OBC,801204,3/20/2022,4/20/2022,Pavillion Mall Binan,Pavillion Mall Binan,Pavillion Mall Binan,,,,,,,,,,,
,,,,,,,,,,,,,,,,,,,,
SOL,102125,4/20/2022,OBC,801204,3/20/2022,4/20/2022,Pavillion Mall Binan,Pavillion Mall Binan,Pavillion Mall Binan,703020,702002,1,7200033,,apbox,5,CM10AM,1,t,
SOL,102125,4/20/2022,OBC,801204,3/20/2022,4/20/2022,Pavillion Mall Binan,Pavillion Mall Binan,Pavillion Mall Binan,703020,702002,2,7200032,,apbox,2,CM10AM,1,t,
,,,,,,,,,,,,,,,,,,,,
,,,,,,,,,,,,,,,,,,,,
,,,,,,,,,,,,,,,,,,,,
,,,,,,,,,,,,,,,,,,,,
,,,,,,,,,,,,,,,,,,,,
,,,,,,,,,,,,,,,,,,,,
SOH,102127,4/20/2022,OBC,801195,3/20/2022,4/20/2022,Waltermart Carmona Cart ,Waltermart Carmona Cart ,Waltermart Carmona Cart ,,,,,,,,,,,
,,,,,,,,,,,,,,,,,,,,
SOL,102127,4/20/2022,OBC,801195,3/20/2022,4/20/2022,Waltermart Carmona Cart ,Waltermart Carmona Cart ,Waltermart Carmona Cart ,703020,702002,1,7200033,,apbox,3,CM10AM,1,t,
SOL,102127,4/20/2022,OBC,801195,3/20/2022,4/20/2022,Waltermart Carmona Cart ,Waltermart Carmona Cart ,Waltermart Carmona Cart ,703020,702002,2,7200032,,apbox,2,CM10AM,1,t,
,,,,,,,,,,,,,,,,,,,,
,,,,,,,,,,,,,,,,,,,,
,,,,,,,,,,,,,,,,,,,,
,,,,,,,,,,,,,,,,,,,,
,,,,,,,,,,,,,,,,,,,,
,,,,,,,,,,,,,,,,,,,,
SOH,103037,4/20/2022,OBC,802431,3/21/2022,4/20/2022,San Pedro,San Pedro,San Pedro,,,,,,,,,,,
,,,,,,,,,,,,,,,,,,,,
SOL,103037,4/20/2022,OBC,802431,3/21/2022,4/20/2022,San Pedro,San Pedro,San Pedro,703020,702002,1,7200033,,apbox,8,CM10AM,1,t,for priority
SOL,103037,4/20/2022,OBC,802431,3/21/2022,4/20/2022,San Pedro,San Pedro,San Pedro,703020,702002,2,7200032,,apbox,5,CM10AM,1,t,for priority
SOL,103037,4/20/2022,OBC,802431,3/21/2022,4/20/2022,San Pedro,San Pedro,San Pedro,703020,702002,3,1280283,,kgs,1,CM10AM,1,t,for priority
,,,,,,,,,,,,,,,,,,,,
,,,,,,,,,,,,,,,,,,,,
,,,,,,,,,,,,,,,,,,,,
,,,,,,,,,,,,,,,,,,,,
,,,,,,,,,,,,,,,,,,,,
,,,,,,,,,,,,,,,,,,,,
SOH,105005,4/20/2022,OBC,801113,3/21/2022,4/20/2022,LIPA,LIPA,LIPA,,,,,,,,,,,
,,,,,,,,,,,,,,,,,,,,
SOL,105005,4/20/2022,OBC,801113,3/21/2022,4/20/2022,LIPA,LIPA,LIPA,703020,702002,1,7200033,,apbox,5,CM10AM,1,t,
SOL,105005,4/20/2022,OBC,801113,3/21/2022,4/20/2022,LIPA,LIPA,LIPA,703020,702002,2,7200032,,apbox,5,CM10AM,1,t,
,,,,,,,,,,,,,,,,,,,,
,,,,,,,,,,,,,,,,,,,,
,,,,,,,,,,,,,,,,,,,,
,,,,,,,,,,,,,,,,,,,,
,,,,,,,,,,,,,,,,,,,,
,,,,,,,,,,,,,,,,,,,,
SOH,105036,4/20/2022,OBC,802407,3/26/2022,4/20/2022,Tanauan,Tanauan,Tanauan,,,,,,,,,,,
,,,,,,,,,,,,,,,,,,,,
SOL,105036,4/20/2022,OBC,802407,3/26/2022,4/20/2022,Tanauan,Tanauan,Tanauan,703020,702002,1,7200032,,apbox,8,CM10AM,1,t,
SOL,105036,4/20/2022,OBC,802407,3/26/2022,4/20/2022,Tanauan,Tanauan,Tanauan,703020,702002,2,7200033,,apbox,12,CM10AM,1,t,
,,,,,,,,,,,,,,,,,,,,
,,,,,,,,,,,,,,,,,,,,
,,,,,,,,,,,,,,,,,,,,
,,,,,,,,,,,,,,,,,,,,
,,,,,,,,,,,,,,,,,,,,
,,,,,,,,,,,,,,,,,,,,
SOH,105178,4/20/2022,OBC,802108,3/21/2022,4/20/2022,ROSARIO,ROSARIO,ROSARIO,,,,,,,,,,,
,,,,,,,,,,,,,,,,,,,,
SOL,105178,4/20/2022,OBC,802108,3/21/2022,4/20/2022,ROSARIO,ROSARIO,ROSARIO,703020,702002,1,7200033,,apbox,3,CM10AM,1,t,
SOL,105178,4/20/2022,OBC,802108,3/21/2022,4/20/2022,ROSARIO,ROSARIO,ROSARIO,703020,702002,2,7200032,,apbox,3,CM10AM,1,t,
,,,,,,,,,,,,,,,,,,,,
,,,,,,,,,,,,,,,,,,,,
,,,,,,,,,,,,,,,,,,,,
,,,,,,,,,,,,,,,,,,,,
,,,,,,,,,,,,,,,,,,,,
,,,,,,,,,,,,,,,,,,,,
SOH,105263,4/20/2022,OBC,800082,3/21/2022,4/20/2022,LAUREL,LAUREL,LAUREL,,,,,,,,,,,
,,,,,,,,,,,,,,,,,,,,
SOL,105263,4/20/2022,OBC,800082,3/21/2022,4/20/2022,LAUREL,LAUREL,LAUREL,703020,702002,1,7200032,,apbox,2,CM10AM,1,t,
SOL,105263,4/20/2022,OBC,800082,3/21/2022,4/20/2022,LAUREL,LAUREL,LAUREL,703020,702002,2,7200033,,apbox,3,CM10AM,1,t,
,,,,,,,,,,,,,,,,,,,,
,,,,,,,,,,,,,,,,,,,,
,,,,,,,,,,,,,,,,,,,,
,,,,,,,,,,,,,,,,,,,,
,,,,,,,,,,,,,,,,,,,,
,,,,,,,,,,,,,,,,,,,,
SOH,106034,4/20/2022,OBC,805327,3/20/2022,4/20/2022,Sta. Cruz,Sta. Cruz,Sta. Cruz,,,,,,,,,,,
,,,,,,,,,,,,,,,,,,,,
SOL,106034,4/20/2022,OBC,805327,3/20/2022,4/20/2022,Sta. Cruz,Sta. Cruz,Sta. Cruz,703020,702002,1,7200033,,apbox,8,CM10AM,1,t,
,,,,,,,,,,,,,,,,,,,,
,,,,,,,,,,,,,,,,,,,,
SOH,106034,4/20/2022,OBC,805329,3/21/2022,4/20/2022,Sta. Cruz,Sta. Cruz,Sta. Cruz,,,,,,,,,,,
,,,,,,,,,,,,,,,,,,,,
SOL,106034,4/20/2022,OBC,805329,3/21/2022,4/20/2022,Sta. Cruz,Sta. Cruz,Sta. Cruz,703020,702002,1,7200032,,apbox,4,CM10AM,1,t,
,,,,,,,,,,,,,,,,,,,,
,,,,,,,,,,,,,,,,,,,,
,,,,,,,,,,,,,,,,,,,,
,,,,,,,,,,,,,,,,,,,,
,,,,,,,,,,,,,,,,,,,,
,,,,,,,,,,,,,,,,,,,,
SOH,106050,4/20/2022,OBC,802127,3/20/2022,4/20/2022,Pagsanjan Laguna,Pagsanjan Laguna,Pagsanjan Laguna,,,,,,,,,,,
,,,,,,,,,,,,,,,,,,,,
SOL,106050,4/20/2022,OBC,802127,3/20/2022,4/20/2022,Pagsanjan Laguna,Pagsanjan Laguna,Pagsanjan Laguna,703020,702002,1,7200033,,apbox,4,CM10AM,1,t,
,,,,,,,,,,,,,,,,,,,,
,,,,,,,,,,,,,,,,,,,,
,,,,,,,,,,,,,,,,,,,,
,,,,,,,,,,,,,,,,,,,,
,,,,,,,,,,,,,,,,,,,,
,,,,,,,,,,,,,,,,,,,,
SOH,107031,4/20/2022,OBC,806623,3/21/2022,4/20/2022,Festival Mall,Festival Mall,Festival Mall,,,,,,,,,,,
,,,,,,,,,,,,,,,,,,,,
SOL,107031,4/20/2022,OBC,806623,3/21/2022,4/20/2022,Festival Mall,Festival Mall,Festival Mall,703020,702002,1,7200033,,apbox,8,CM10AM,1,t,
SOL,107031,4/20/2022,OBC,806623,3/21/2022,4/20/2022,Festival Mall,Festival Mall,Festival Mall,703020,702002,2,7200032,,apbox,5,CM10AM,1,t,
,,,,,,,,,,,,,,,,,,,,
,,,,,,,,,,,,,,,,,,,,
,,,,,,,,,,,,,,,,,,,,
,,,,,,,,,,,,,,,,,,,,
,,,,,,,,,,,,,,,,,,,,
,,,,,,,,,,,,,,,,,,,,
SOH,107148,4/20/2022,OBC,800211,3/21/2022,4/20/2022,Landmark Alabang,Landmark Alabang,Landmark Alabang,,,,,,,,,,,
,,,,,,,,,,,,,,,,,,,,
SOL,107148,4/20/2022,OBC,800211,3/21/2022,4/20/2022,Landmark Alabang,Landmark Alabang,Landmark Alabang,703020,702002,1,7200033,,apbox,3,CM10AM,1,t,
SOL,107148,4/20/2022,OBC,800211,3/21/2022,4/20/2022,Landmark Alabang,Landmark Alabang,Landmark Alabang,703020,702002,2,7200032,,apbox,2,CM10AM,1,t,
,,,,,,,,,,,,,,,,,,,,
,,,,,,,,,,,,,,,,,,,,
,,,,,,,,,,,,,,,,,,,,
,,,,,,,,,,,,,,,,,,,,
,,,,,,,,,,,,,,,,,,,,
,,,,,,,,,,,,,,,,,,,,
SOH,110024,4/20/2022,RSO,911201,3/19/2022,4/20/2022,110024,IMUS CAVITE,IMUS CAVITE,,,,,,,,,,,
,,,,,,,,,,,,,,,,,,,,
SOL,110024,4/20/2022,RSO,911201,3/19/2022,4/20/2022,110024,IMUS CAVITE,IMUS CAVITE,703020,702002,1,7200033,,apbox,3,CM10AM,1,f,
SOL,110024,4/20/2022,RSO,911201,3/19/2022,4/20/2022,110024,IMUS CAVITE,IMUS CAVITE,703020,702002,2,7200032,,apbox,2,CM10AM,1,f,
,,,,,,,,,,,,,,,,,,,,
,,,,,,,,,,,,,,,,,,,,
,,,,,,,,,,,,,,,,,,,,
,,,,,,,,,,,,,,,,,,,,
,,,,,,,,,,,,,,,,,,,,
,,,,,,,,,,,,,,,,,,,,
SOH,110091,4/20/2022,OBC,801922,3/21/2022,4/20/2022,Rosario Cavite,Rosario Cavite,Rosario Cavite,,,,,,,,,,,
,,,,,,,,,,,,,,,,,,,,
SOL,110091,4/20/2022,OBC,801922,3/21/2022,4/20/2022,Rosario Cavite,Rosario Cavite,Rosario Cavite,703020,702002,1,7200033,,apbox,13,CM10AM,1,t,
SOL,110091,4/20/2022,OBC,801922,3/21/2022,4/20/2022,Rosario Cavite,Rosario Cavite,Rosario Cavite,703020,702002,2,7200032,,apbox,8,CM10AM,1,t,
SOL,110091,4/20/2022,OBC,801922,3/21/2022,4/20/2022,Rosario Cavite,Rosario Cavite,Rosario Cavite,703020,702002,3,1280283,,kgs,1,CM10AM,1,t,
,,,,,,,,,,,,,,,,,,,,
,,,,,,,,,,,,,,,,,,,,
,,,,,,,,,,,,,,,,,,,,
,,,,,,,,,,,,,,,,,,,,
,,,,,,,,,,,,,,,,,,,,
,,,,,,,,,,,,,,,,,,,,
SOH,110134,4/20/2022,OBC,801752,3/19/2022,4/20/2022,Gma,Gma,Gma,,,,,,,,,,,
,,,,,,,,,,,,,,,,,,,,
SOL,110134,4/20/2022,OBC,801752,3/19/2022,4/20/2022,Gma,Gma,Gma,703020,702002,1,7200033,,apbox,7,CM10AM,1,t,
SOL,110134,4/20/2022,OBC,801752,3/19/2022,4/20/2022,Gma,Gma,Gma,703020,702002,2,7200032,,apbox,4,CM10AM,1,t,
,,,,,,,,,,,,,,,,,,,,
,,,,,,,,,,,,,,,,,,,,
,,,,,,,,,,,,,,,,,,,,
,,,,,,,,,,,,,,,,,,,,
,,,,,,,,,,,,,,,,,,,,
,,,,,,,,,,,,,,,,,,,,
SOH,110146,4/20/2022,OBC,803066,3/19/2022,4/20/2022,Salitran,Salitran,Salitran,,,,,,,,,,,
,,,,,,,,,,,,,,,,,,,,
SOL,110146,4/20/2022,OBC,803066,3/19/2022,4/20/2022,Salitran,Salitran,Salitran,703020,702002,1,7200033,,apbox,3,CM10AM,1,t,
SOL,110146,4/20/2022,OBC,803066,3/19/2022,4/20/2022,Salitran,Salitran,Salitran,703020,702002,2,7200032,,apbox,3,CM10AM,1,t,
,,,,,,,,,,,,,,,,,,,,
,,,,,,,,,,,,,,,,,,,,
,,,,,,,,,,,,,,,,,,,,
,,,,,,,,,,,,,,,,,,,,
,,,,,,,,,,,,,,,,,,,,
,,,,,,,,,,,,,,,,,,,,
SOH,110147,4/20/2022,OBC,804914,3/19/2022,4/20/2022,SM Market Mall Dasma,SM Market Mall Dasma,SM Market Mall Dasma,,,,,,,,,,,
,,,,,,,,,,,,,,,,,,,,
SOL,110147,4/20/2022,OBC,804914,3/19/2022,4/20/2022,SM Market Mall Dasma,SM Market Mall Dasma,SM Market Mall Dasma,703020,702002,1,7200033,,apbox,3,CM10AM,1,t,
SOL,110147,4/20/2022,OBC,804914,3/19/2022,4/20/2022,SM Market Mall Dasma,SM Market Mall Dasma,SM Market Mall Dasma,703020,702002,2,1280283,,kgs,1,CM10AM,1,t,
SOL,110147,4/20/2022,OBC,804914,3/19/2022,4/20/2022,SM Market Mall Dasma,SM Market Mall Dasma,SM Market Mall Dasma,703020,702002,3,7200032,,apbox,3,CM10AM,1,t,
,,,,,,,,,,,,,,,,,,,,
,,,,,,,,,,,,,,,,,,,,
,,,,,,,,,,,,,,,,,,,,
,,,,,,,,,,,,,,,,,,,,
,,,,,,,,,,,,,,,,,,,,
,,,,,,,,,,,,,,,,,,,,
SOH,110149,4/20/2022,OBC,801796,3/19/2022,4/20/2022,The District Dasma,The District Dasma,The District Dasma,,,,,,,,,,,
,,,,,,,,,,,,,,,,,,,,
SOL,110149,4/20/2022,OBC,801796,3/19/2022,4/20/2022,The District Dasma,The District Dasma,The District Dasma,703020,702002,1,7200033,,apbox,2,CM10AM,1,t,
SOL,110149,4/20/2022,OBC,801796,3/19/2022,4/20/2022,The District Dasma,The District Dasma,The District Dasma,703020,702002,2,7200032,,apbox,2,CM10AM,1,t,
,,,,,,,,,,,,,,,,,,,,
,,,,,,,,,,,,,,,,,,,,
SOH,110149,4/20/2022,OBC,801798,3/24/2022,4/20/2022,The District Dasma,The District Dasma,The District Dasma,,,,,,,,,,,
,,,,,,,,,,,,,,,,,,,,
SOL,110149,4/20/2022,OBC,801798,3/24/2022,4/20/2022,The District Dasma,The District Dasma,The District Dasma,703020,702002,1,7200032,,apbox,3,CM10AM,1,t,
SOL,110149,4/20/2022,OBC,801798,3/24/2022,4/20/2022,The District Dasma,The District Dasma,The District Dasma,703020,702002,3,7200033,,apbox,3,CM10AM,1,t,
,,,,,,,,,,,,,,,,,,,,
,,,,,,,,,,,,,,,,,,,,
,,,,,,,,,,,,,,,,,,,,
,,,,,,,,,,,,,,,,,,,,
,,,,,,,,,,,,,,,,,,,,
,,,,,,,,,,,,,,,,,,,,
SOH,110150,4/20/2022,OBC,801616,3/19/2022,4/20/2022,Indang,Indang,Indang,,,,,,,,,,,
,,,,,,,,,,,,,,,,,,,,
SOL,110150,4/20/2022,OBC,801616,3/19/2022,4/20/2022,Indang,Indang,Indang,703020,702002,1,7200033,,apbox,24,CM10AM,1,t,
,,,,,,,,,,,,,,,,,,,,
,,,,,,,,,,,,,,,,,,,,
,,,,,,,,,,,,,,,,,,,,
,,,,,,,,,,,,,,,,,,,,
,,,,,,,,,,,,,,,,,,,,
,,,,,,,,,,,,,,,,,,,,
SOH,110155,4/20/2022,OBC,802107,3/19/2022,4/20/2022,Waltermart Dasma,Waltermart Dasma,Waltermart Dasma,,,,,,,,,,,
,,,,,,,,,,,,,,,,,,,,
SOL,110155,4/20/2022,OBC,802107,3/19/2022,4/20/2022,Waltermart Dasma,Waltermart Dasma,Waltermart Dasma,703020,702002,1,7200033,,apbox,3,CM10AM,1,t,
SOL,110155,4/20/2022,OBC,802107,3/19/2022,4/20/2022,Waltermart Dasma,Waltermart Dasma,Waltermart Dasma,703020,702002,2,7200032,,apbox,3,CM10AM,1,t,
,,,,,,,,,,,,,,,,,,,,
,,,,,,,,,,,,,,,,,,,,
,,,,,,,,,,,,,,,,,,,,
,,,,,,,,,,,,,,,,,,,,
,,,,,,,,,,,,,,,,,,,,
,,,,,,,,,,,,,,,,,,,,
SOH,110157,4/20/2022,OBC,800121,3/19/2022,4/20/2022,Savemore GMA Portal,Savemore GMA Portal,Savemore GMA Portal,,,,,,,,,,,
,,,,,,,,,,,,,,,,,,,,
SOL,110157,4/20/2022,OBC,800121,3/19/2022,4/20/2022,Savemore GMA Portal,Savemore GMA Portal,Savemore GMA Portal,703020,702002,1,7200033,,apbox,4,CM10AM,1,t,
SOL,110157,4/20/2022,OBC,800121,3/19/2022,4/20/2022,Savemore GMA Portal,Savemore GMA Portal,Savemore GMA Portal,703020,702002,2,7200032,,apbox,2,CM10AM,1,t,
,,,,,,,,,,,,,,,,,,,,
,,,,,,,,,,,,,,,,,,,,
,,,,,,,,,,,,,,,,,,,,
,,,,,,,,,,,,,,,,,,,,
,,,,,,,,,,,,,,,,,,,,
,,,,,,,,,,,,,,,,,,,,
SOH,110158,4/20/2022,OBC,800310,3/22/2022,4/20/2022,Center Imus,Center Imus,Center Imus,,,,,,,,,,,
,,,,,,,,,,,,,,,,,,,,
SOL,110158,4/20/2022,OBC,800310,3/22/2022,4/20/2022,Center Imus,Center Imus,Center Imus,703020,702002,1,7200033,,apbox,4,CM10AM,1,t,
SOL,110158,4/20/2022,OBC,800310,3/22/2022,4/20/2022,Center Imus,Center Imus,Center Imus,703020,702002,2,7200032,,apbox,4,CM10AM,1,t,
,,,,,,,,,,,,,,,,,,,,
,,,,,,,,,,,,,,,,,,,,
,,,,,,,,,,,,,,,,,,,,
,,,,,,,,,,,,,,,,,,,,
,,,,,,,,,,,,,,,,,,,,
,,,,,,,,,,,,,,,,,,,,
SOH,110159,4/20/2022,OBC,800458,3/18/2022,4/20/2022,Hypermarket Naic,Hypermarket Naic,Hypermarket Naic,,,,,,,,,,,
,,,,,,,,,,,,,,,,,,,,
SOL,110159,4/20/2022,OBC,800458,3/18/2022,4/20/2022,Hypermarket Naic,Hypermarket Naic,Hypermarket Naic,703020,702002,1,7200033,,apbox,1,CM10AM,1,t,
SOL,110159,4/20/2022,OBC,800458,3/18/2022,4/20/2022,Hypermarket Naic,Hypermarket Naic,Hypermarket Naic,703020,702002,2,7200032,,apbox,1,CM10AM,1,t,
,,,,,,,,,,,,,,,,,,,,
,,,,,,,,,,,,,,,,,,,,
,,,,,,,,,,,,,,,,,,,,
,,,,,,,,,,,,,,,,,,,,
,,,,,,,,,,,,,,,,,,,,
,,,,,,,,,,,,,,,,,,,,
SOH,110162,4/20/2022,OBC,800363,3/19/2022,4/20/2022,SALAWAG DASMARIÑAS,SALAWAG DASMARIÑAS,SALAWAG DASMARIÑAS,,,,,,,,,,,
,,,,,,,,,,,,,,,,,,,,
SOL,110162,4/20/2022,OBC,800363,3/19/2022,4/20/2022,SALAWAG DASMARIÑAS,SALAWAG DASMARIÑAS,SALAWAG DASMARIÑAS,703020,702002,1,7200033,,apbox,3,CM10AM,1,t,
SOL,110162,4/20/2022,OBC,800363,3/19/2022,4/20/2022,SALAWAG DASMARIÑAS,SALAWAG DASMARIÑAS,SALAWAG DASMARIÑAS,703020,702002,2,1280283,,kgs,1,CM10AM,1,t,
SOL,110162,4/20/2022,OBC,800363,3/19/2022,4/20/2022,SALAWAG DASMARIÑAS,SALAWAG DASMARIÑAS,SALAWAG DASMARIÑAS,703020,702002,3,7200032,,apbox,3,CM10AM,1,t,
,,,,,,,,,,,,,,,,,,,,
,,,,,,,,,,,,,,,,,,,,
,,,,,,,,,,,,,,,,,,,,
,,,,,,,,,,,,,,,,,,,,
,,,,,,,,,,,,,,,,,,,,
,,,,,,,,,,,,,,,,,,,,
SOH,110167,4/20/2022,OBC,800152,3/19/2022,4/20/2022,Unitop Dasma,Unitop Dasma,Unitop Dasma,,,,,,,,,,,
,,,,,,,,,,,,,,,,,,,,
SOL,110167,4/20/2022,OBC,800152,3/19/2022,4/20/2022,Unitop Dasma,Unitop Dasma,Unitop Dasma,703020,702002,1,7200033,,apbox,3,CM10AM,1,t,
SOL,110167,4/20/2022,OBC,800152,3/19/2022,4/20/2022,Unitop Dasma,Unitop Dasma,Unitop Dasma,703020,702002,2,7200032,,apbox,3,CM10AM,1,t,
,,,,,,,,,,,,,,,,,,,,
,,,,,,,,,,,,,,,,,,,,
,,,,,,,,,,,,,,,,,,,,
,,,,,,,,,,,,,,,,,,,,
,,,,,,,,,,,,,,,,,,,,
,,,,,,,,,,,,,,,,,,,,
SOH,113332,4/20/2022,OBC,803100,3/21/2022,4/20/2022,San Pedro Shopwise,San Pedro Shopwise,San Pedro Shopwise,,,,,,,,,,,
,,,,,,,,,,,,,,,,,,,,
SOL,113332,4/20/2022,OBC,803100,3/21/2022,4/20/2022,San Pedro Shopwise,San Pedro Shopwise,San Pedro Shopwise,703020,702002,1,7200033,,apbox,2,CM10AM,1,t,for priority
SOL,113332,4/20/2022,OBC,803100,3/21/2022,4/20/2022,San Pedro Shopwise,San Pedro Shopwise,San Pedro Shopwise,703020,702002,2,7200032,,apbox,1,CM10AM,1,t,for priority
SOL,113332,4/20/2022,OBC,803100,3/21/2022,4/20/2022,San Pedro Shopwise,San Pedro Shopwise,San Pedro Shopwise,703020,702002,3,1280283,,kgs,1,CM10AM,1,t,for priority
,,,,,,,,,,,,,,,,,,,,
,,,,,,,,,,,,,,,,,,,,
,,,,,,,,,,,,,,,,,,,,
,,,,,,,,,,,,,,,,,,,,
,,,,,,,,,,,,,,,,,,,,
,,,,,,,,,,,,,,,,,,,,
SOH,113387,4/20/2022,RSO,910158,3/21/2022,4/20/2022,113387,Paradahan Tanza,Paradahan Tanza,,,,,,,,,,,
,,,,,,,,,,,,,,,,,,,,
SOL,113387,4/20/2022,RSO,910158,3/21/2022,4/20/2022,113387,Paradahan Tanza,Paradahan Tanza,703020,702002,1,7200033,,apbox,3,CM10AM,1,f,
SOL,113387,4/20/2022,RSO,910158,3/21/2022,4/20/2022,113387,Paradahan Tanza,Paradahan Tanza,703020,702002,2,7200032,,apbox,2,CM10AM,1,f,
,,,,,,,,,,,,,,,,,,,,
,,,,,,,,,,,,,,,,,,,,
,,,,,,,,,,,,,,,,,,,,
,,,,,,,,,,,,,,,,,,,,
,,,,,,,,,,,,,,,,,,,,
,,,,,,,,,,,,,,,,,,,,
SOH,114001,4/20/2022,OBC,801821,3/21/2022,4/20/2022,San Pablo,San Pablo,San Pablo,,,,,,,,,,,
,,,,,,,,,,,,,,,,,,,,
SOL,114001,4/20/2022,OBC,801821,3/21/2022,4/20/2022,San Pablo,San Pablo,San Pablo,703020,702002,1,7200033,,apbox,2,CM10AM,1,t,
SOL,114001,4/20/2022,OBC,801821,3/21/2022,4/20/2022,San Pablo,San Pablo,San Pablo,703020,702002,2,7200032,,apbox,2,CM10AM,1,t,
SOL,114001,4/20/2022,OBC,801821,3/21/2022,4/20/2022,San Pablo,San Pablo,San Pablo,703020,702002,3,1280283,,kgs,1,CM10AM,1,t,
,,,,,,,,,,,,,,,,,,,,
,,,,,,,,,,,,,,,,,,,,
,,,,,,,,,,,,,,,,,,,,
,,,,,,,,,,,,,,,,,,,,
,,,,,,,,,,,,,,,,,,,,
,,,,,,,,,,,,,,,,,,,,
SOH,114019,4/20/2022,OBC,802342,3/19/2022,4/20/2022,Dasmariñas Bayan (Kiosk),Dasmariñas Bayan (Kiosk),Dasmariñas Bayan (Kiosk),,,,,,,,,,,
,,,,,,,,,,,,,,,,,,,,
SOL,114019,4/20/2022,OBC,802342,3/19/2022,4/20/2022,Dasmariñas Bayan (Kiosk),Dasmariñas Bayan (Kiosk),Dasmariñas Bayan (Kiosk),703020,702002,1,7200033,,apbox,8,CM10AM,1,t,
,,,,,,,,,,,,,,,,,,,,
,,,,,,,,,,,,,,,,,,,,
,,,,,,,,,,,,,,,,,,,,
,,,,,,,,,,,,,,,,,,,,
,,,,,,,,,,,,,,,,,,,,
,,,,,,,,,,,,,,,,,,,,
SOH,114030,4/20/2022,OBC,801274,3/21/2022,4/20/2022,Shell Sto Tomas,Shell Sto Tomas,Shell Sto Tomas,,,,,,,,,,,
,,,,,,,,,,,,,,,,,,,,
SOL,114030,4/20/2022,OBC,801274,3/21/2022,4/20/2022,Shell Sto Tomas,Shell Sto Tomas,Shell Sto Tomas,703020,702002,1,7200033,,apbox,2,CM10AM,1,t,
SOL,114030,4/20/2022,OBC,801274,3/21/2022,4/20/2022,Shell Sto Tomas,Shell Sto Tomas,Shell Sto Tomas,703020,702002,2,7200032,,apbox,2,CM10AM,1,t,
,,,,,,,,,,,,,,,,,,,,
,,,,,,,,,,,,,,,,,,,,
,,,,,,,,,,,,,,,,,,,,
,,,,,,,,,,,,,,,,,,,,
,,,,,,,,,,,,,,,,,,,,
,,,,,,,,,,,,,,,,,,,,
SOH,114032,4/20/2022,OBC,800460,3/21/2022,4/20/2022,Tiaong Quezon,Tiaong Quezon,Tiaong Quezon,,,,,,,,,,,
,,,,,,,,,,,,,,,,,,,,
SOL,114032,4/20/2022,OBC,800460,3/21/2022,4/20/2022,Tiaong Quezon,Tiaong Quezon,Tiaong Quezon,703020,702002,1,7200033,,apbox,4,CM10AM,1,t,
SOL,114032,4/20/2022,OBC,800460,3/21/2022,4/20/2022,Tiaong Quezon,Tiaong Quezon,Tiaong Quezon,703020,702002,2,7200032,,apbox,4,CM10AM,1,t,
,,,,,,,,,,,,,,,,,,,,
,,,,,,,,,,,,,,,,,,,,
,,,,,,,,,,,,,,,,,,,,
,,,,,,,,,,,,,,,,,,,,
,,,,,,,,,,,,,,,,,,,,
,,,,,,,,,,,,,,,,,,,,
SOH,114034,4/20/2022,OBC,800091,3/26/2022,4/20/2022,Savemore Tanauan Batangas,Savemore Tanauan Batangas,Savemore Tanauan Batangas,,,,,,,,,,,
,,,,,,,,,,,,,,,,,,,,
SOL,114034,4/20/2022,OBC,800091,3/26/2022,4/20/2022,Savemore Tanauan Batangas,Savemore Tanauan Batangas,Savemore Tanauan Batangas,703020,702002,1,7200033,,apbox,4,CM10AM,1,t,
SOL,114034,4/20/2022,OBC,800091,3/26/2022,4/20/2022,Savemore Tanauan Batangas,Savemore Tanauan Batangas,Savemore Tanauan Batangas,703020,702002,2,7200032,,apbox,4,CM10AM,1,t,
,,,,,,,,,,,,,,,,,,,,
,,,,,,,,,,,,,,,,,,,,
,,,,,,,,,,,,,,,,,,,,
,,,,,,,,,,,,,,,,,,,,
,,,,,,,,,,,,,,,,,,,,
,,,,,,,,,,,,,,,,,,,,
SOH,114035,4/20/2022,RSO,910359,3/21/2022,4/20/2022,114035,Alaminos,Alaminos,,,,,,,,,,,
,,,,,,,,,,,,,,,,,,,,
SOL,114035,4/20/2022,RSO,910359,3/21/2022,4/20/2022,114035,Alaminos,Alaminos,703020,702002,1,7200032,,apbox,2,CM10AM,1,f,
SOL,114035,4/20/2022,RSO,910359,3/21/2022,4/20/2022,114035,Alaminos,Alaminos,703020,702002,2,7200033,,apbox,2,CM10AM,1,f,
,,,,,,,,,,,,,,,,,,,,
,,,,,,,,,,,,,,,,,,,,
,,,,,,,,,,,,,,,,,,,,
,,,,,,,,,,,,,,,,,,,,
,,,,,,,,,,,,,,,,,,,,
,,,,,,,,,,,,,,,,,,,,
SOH,119704,4/20/2022,OBC,802452,3/20/2022,4/20/2022,Los Banos Crossing,Los Banos Crossing,Los Banos Crossing,,,,,,,,,,,
,,,,,,,,,,,,,,,,,,,,
SOL,119704,4/20/2022,OBC,802452,3/20/2022,4/20/2022,Los Banos Crossing,Los Banos Crossing,Los Banos Crossing,703020,702002,1,7200033,,apbox,8,CM10AM,1,t,
SOL,119704,4/20/2022,OBC,802452,3/20/2022,4/20/2022,Los Banos Crossing,Los Banos Crossing,Los Banos Crossing,703020,702002,2,7200032,,apbox,6,CM10AM,1,t,
,,,,,,,,,,,,,,,,,,,,
,,,,,,,,,,,,,,,,,,,,
,,,,,,,,,,,,,,,,,,,,
,,,,,,,,,,,,,,,,,,,,
,,,,,,,,,,,,,,,,,,,,
,,,,,,,,,,,,,,,,,,,,
SOH,119771,4/20/2022,OBC,800255,3/19/2022,4/20/2022,GUMACA,GUMACA,GUMACA,,,,,,,,,,,
,,,,,,,,,,,,,,,,,,,,
SOL,119771,4/20/2022,OBC,800255,3/19/2022,4/20/2022,GUMACA,GUMACA,GUMACA,703020,702002,1,7200033,,apbox,9,CM10AM,1,t,
SOL,119771,4/20/2022,OBC,800255,3/19/2022,4/20/2022,GUMACA,GUMACA,GUMACA,703020,702002,2,7200032,,apbox,5,CM10AM,1,t,
,,,,,,,,,,,,,,,,,,,,
,,,,,,,,,,,,,,,,,,,,
,,,,,,,,,,,,,,,,,,,,
,,,,,,,,,,,,,,,,,,,,
,,,,,,,,,,,,,,,,,,,,
,,,,,,,,,,,,,,,,,,,,
SOH,119777,4/20/2022,OBC,800506,3/21/2022,4/20/2022,SM LIPA,SM LIPA,SM LIPA,,,,,,,,,,,
,,,,,,,,,,,,,,,,,,,,
SOL,119777,4/20/2022,OBC,800506,3/21/2022,4/20/2022,SM LIPA,SM LIPA,SM LIPA,703020,702002,1,7200033,,apbox,17,CM10AM,1,t,
SOL,119777,4/20/2022,OBC,800506,3/21/2022,4/20/2022,SM LIPA,SM LIPA,SM LIPA,703020,702002,2,7200032,,apbox,12,CM10AM,1,t,
,,,,,,,,,,,,,,,,,,,,
,,,,,,,,,,,,,,,,,,,,
,,,,,,,,,,,,,,,,,,,,
,,,,,,,,,,,,,,,,,,,,
,,,,,,,,,,,,,,,,,,,,
,,,,,,,,,,,,,,,,,,,,
SOH,119778,4/20/2022,OBC,800233,3/19/2022,4/20/2022,LOPEZ,LOPEZ,LOPEZ,,,,,,,,,,,
,,,,,,,,,,,,,,,,,,,,
SOL,119778,4/20/2022,OBC,800233,3/19/2022,4/20/2022,LOPEZ,LOPEZ,LOPEZ,703020,702002,1,7200033,,apbox,11,CM10AM,1,t,
SOL,119778,4/20/2022,OBC,800233,3/19/2022,4/20/2022,LOPEZ,LOPEZ,LOPEZ,703020,702002,2,7200032,,apbox,6,CM10AM,1,t,
,,,,,,,,,,,,,,,,,,,,
,,,,,,,,,,,,,,,,,,,,
,,,,,,,,,,,,,,,,,,,,
,,,,,,,,,,,,,,,,,,,,
,,,,,,,,,,,,,,,,,,,,
,,,,,,,,,,,,,,,,,,,,
SOH,119781,4/20/2022,OBC,800131,3/22/2022,4/20/2022,ROBINSONS LIPA,ROBINSONS LIPA,ROBINSONS LIPA,,,,,,,,,,,
,,,,,,,,,,,,,,,,,,,,
SOL,119781,4/20/2022,OBC,800131,3/22/2022,4/20/2022,ROBINSONS LIPA,ROBINSONS LIPA,ROBINSONS LIPA,703020,702002,1,7200033,,apbox,6,CM10AM,1,t,
SOL,119781,4/20/2022,OBC,800131,3/22/2022,4/20/2022,ROBINSONS LIPA,ROBINSONS LIPA,ROBINSONS LIPA,703020,702002,2,7200032,,apbox,2,CM10AM,1,t,
,,,,,,,,,,,,,,,,,,,,
,,,,,,,,,,,,,,,,,,,,
,,,,,,,,,,,,,,,,,,,,
,,,,,,,,,,,,,,,,,,,,
,,,,,,,,,,,,,,,,,,,,
,,,,,,,,,,,,,,,,,,,,
SOH,119782,4/20/2022,OBC,800056,3/21/2022,4/20/2022,PUREGOLD LIPA,PUREGOLD LIPA,PUREGOLD LIPA,,,,,,,,,,,
,,,,,,,,,,,,,,,,,,,,
SOL,119782,4/20/2022,OBC,800056,3/21/2022,4/20/2022,PUREGOLD LIPA,PUREGOLD LIPA,PUREGOLD LIPA,703020,702002,1,7200033,,apbox,4,CM10AM,1,t,
SOL,119782,4/20/2022,OBC,800056,3/21/2022,4/20/2022,PUREGOLD LIPA,PUREGOLD LIPA,PUREGOLD LIPA,703020,702002,2,7200032,,apbox,3,CM10AM,1,t,
,,,,,,,,,,,,,,,,,,,,
,,,,,,,,,,,,,,,,,,,,
,,,,,,,,,,,,,,,,,,,,
,,,,,,,,,,,,,,,,,,,,
,,,,,,,,,,,,,,,,,,,,
,,,,,,,,,,,,,,,,,,,,
SOH,119783,4/20/2022,RSO,910896,3/21/2022,4/20/2022,119783,SARIAYA,SARIAYA,,,,,,,,,,,
,,,,,,,,,,,,,,,,,,,,
SOL,119783,4/20/2022,RSO,910896,3/21/2022,4/20/2022,119783,SARIAYA,SARIAYA,703020,702002,1,7200032,,apbox,7,CM10AM,1,f,
SOL,119783,4/20/2022,RSO,910896,3/21/2022,4/20/2022,119783,SARIAYA,SARIAYA,703020,702002,2,7200033,,apbox,14,CM10AM,1,f,
,,,,,,,,,,,,,,,,,,,,
,,,,,,,,,,,,,,,,,,,,
,,,,,,,,,,,,,,,,,,,,
,,,,,,,,,,,,,,,,,,,,
,,,,,,,,,,,,,,,,,,,,
,,,,,,,,,,,,,,,,,,,,
SOH,119784,4/20/2022,RSO,910891,3/23/2022,4/20/2022,119784,TAYABAS,TAYABAS,,,,,,,,,,,
,,,,,,,,,,,,,,,,,,,,
SOL,119784,4/20/2022,RSO,910891,3/23/2022,4/20/2022,119784,TAYABAS,TAYABAS,703020,702002,1,7200033,,apbox,5,CM10AM,0,f,
SOL,119784,4/20/2022,RSO,910891,3/23/2022,4/20/2022,119784,TAYABAS,TAYABAS,703020,702002,2,7200032,,apbox,2,CM10AM,0,f,
,,,,,,,,,,,,,,,,,,,,
,,,,,,,,,,,,,,,,,,,,
,,,,,,,,,,,,,,,,,,,,
,,,,,,,,,,,,,,,,,,,,
,,,,,,,,,,,,,,,,,,,,
,,,,,,,,,,,,,,,,,,,,
SOH,119785,4/20/2022,RSO,851,3/23/2022,4/20/2022,119785,Lucban,Lucban,,,,,,,,,,,
,,,,,,,,,,,,,,,,,,,,
SOL,119785,4/20/2022,RSO,851,3/23/2022,4/20/2022,119785,Lucban,Lucban,703020,702002,1,7200033,,apbox,5,CM10AM,0,f,
SOL,119785,4/20/2022,RSO,851,3/23/2022,4/20/2022,119785,Lucban,Lucban,703020,702002,2,7200032,,apbox,3,CM10AM,0,f,
,,,,,,,,,,,,,,,,,,,,
,,,,,,,,,,,,,,,,,,,,
,,,,,,,,,,,,,,,,,,,,
,,,,,,,,,,,,,,,,,,,,
,,,,,,,,,,,,,,,,,,,,
,,,,,,,,,,,,,,,,,,,,
SOH,119789,4/20/2022,OBC,800839,3/21/2022,4/20/2022,Lucena Dalahican,Lucena Dalahican,Lucena Dalahican,,,,,,,,,,,
,,,,,,,,,,,,,,,,,,,,
SOL,119789,4/20/2022,OBC,800839,3/21/2022,4/20/2022,Lucena Dalahican,Lucena Dalahican,Lucena Dalahican,703020,702002,1,7200033,,apbox,6,CM10AM,1,t,
SOL,119789,4/20/2022,OBC,800839,3/21/2022,4/20/2022,Lucena Dalahican,Lucena Dalahican,Lucena Dalahican,703020,702002,2,7200032,,apbox,3,CM10AM,1,t,
,,,,,,,,,,,,,,,,,,,,
,,,,,,,,,,,,,,,,,,,,
,,,,,,,,,,,,,,,,,,,,
,,,,,,,,,,,,,,,,,,,,
,,,,,,,,,,,,,,,,,,,,
,,,,,,,,,,,,,,,,,,,,
SOH,119791,4/20/2022,OBC,800297,3/21/2022,4/20/2022,SAN PABLO,SAN PABLO,SAN PABLO,,,,,,,,,,,
,,,,,,,,,,,,,,,,,,,,
SOL,119791,4/20/2022,OBC,800297,3/21/2022,4/20/2022,SAN PABLO,SAN PABLO,SAN PABLO,703020,702002,1,7200033,,apbox,8,CM10AM,1,t,
SOL,119791,4/20/2022,OBC,800297,3/21/2022,4/20/2022,SAN PABLO,SAN PABLO,SAN PABLO,703020,702002,2,7200032,,apbox,5,CM10AM,1,t,
,,,,,,,,,,,,,,,,,,,,
,,,,,,,,,,,,,,,,,,,,
,,,,,,,,,,,,,,,,,,,,
,,,,,,,,,,,,,,,,,,,,
,,,,,,,,,,,,,,,,,,,,
,,,,,,,,,,,,,,,,,,,,
SOH,119792,4/20/2022,RSO,910879,3/20/2022,4/20/2022,119792,San Juan,San Juan,,,,,,,,,,,
,,,,,,,,,,,,,,,,,,,,
SOL,119792,4/20/2022,RSO,910879,3/20/2022,4/20/2022,119792,San Juan,San Juan,703020,702002,1,7200033,,apbox,6,CM10AM,1,f,
,,,,,,,,,,,,,,,,,,,,
,,,,,,,,,,,,,,,,,,,,
SOH,119792,4/20/2022,OBC,800574,3/20/2022,4/20/2022,San Juan,San Juan,San Juan,,,,,,,,,,,
,,,,,,,,,,,,,,,,,,,,
SOL,119792,4/20/2022,OBC,800574,3/20/2022,4/20/2022,San Juan,San Juan,San Juan,703020,702002,1,7200033,,apbox,6,CM10AM,1,t,
SOL,119792,4/20/2022,OBC,800574,3/20/2022,4/20/2022,San Juan,San Juan,San Juan,703020,702002,2,7200032,,apbox,3,CM10AM,1,t,
,,,,,,,,,,,,,,,,,,,,
,,,,,,,,,,,,,,,,,,,,
,,,,,,,,,,,,,,,,,,,,
,,,,,,,,,,,,,,,,,,,,
,,,,,,,,,,,,,,,,,,,,
,,,,,,,,,,,,,,,,,,,,
SOH,119793,4/20/2022,OBC,800059,3/21/2022,4/20/2022,Supermarket Lipa,Supermarket Lipa,Supermarket Lipa,,,,,,,,,,,
,,,,,,,,,,,,,,,,,,,,
SOL,119793,4/20/2022,OBC,800059,3/21/2022,4/20/2022,Supermarket Lipa,Supermarket Lipa,Supermarket Lipa,703020,702002,1,7200033,,apbox,5,CM10AM,1,t,
SOL,119793,4/20/2022,OBC,800059,3/21/2022,4/20/2022,Supermarket Lipa,Supermarket Lipa,Supermarket Lipa,703020,702002,2,7200032,,apbox,2,CM10AM,1,t,
,,,,,,,,,,,,,,,,,,,,
,,,,,,,,,,,,,,,,,,,,
,,,,,,,,,,,,,,,,,,,,
,,,,,,,,,,,,,,,,,,,,
,,,,,,,,,,,,,,,,,,,,
,,,,,,,,,,,,,,,,,,,,
SOH,119796,4/20/2022,OBC,800296,3/21/2022,4/20/2022,Supermarket Lucena,Supermarket Lucena,Supermarket Lucena,,,,,,,,,,,
,,,,,,,,,,,,,,,,,,,,
SOL,119796,4/20/2022,OBC,800296,3/21/2022,4/20/2022,Supermarket Lucena,Supermarket Lucena,Supermarket Lucena,703020,702002,1,7200033,,apbox,2,CM10AM,1,t,
SOL,119796,4/20/2022,OBC,800296,3/21/2022,4/20/2022,Supermarket Lucena,Supermarket Lucena,Supermarket Lucena,703020,702002,2,7200032,,apbox,2,CM10AM,1,t,
,,,,,,,,,,,,,,,,,,,,
,,,,,,,,,,,,,,,,,,,,
,,,,,,,,,,,,,,,,,,,,
,,,,,,,,,,,,,,,,,,,,
,,,,,,,,,,,,,,,,,,,,
,,,,,,,,,,,,,,,,,,,,
SOH,119799,4/20/2022,OBC,800181,3/21/2022,4/20/2022,Supermarket San Pablo,Supermarket San Pablo,Supermarket San Pablo,,,,,,,,,,,
,,,,,,,,,,,,,,,,,,,,
SOL,119799,4/20/2022,OBC,800181,3/21/2022,4/20/2022,Supermarket San Pablo,Supermarket San Pablo,Supermarket San Pablo,703020,702002,1,7200033,,apbox,7,CM10AM,1,t,
SOL,119799,4/20/2022,OBC,800181,3/21/2022,4/20/2022,Supermarket San Pablo,Supermarket San Pablo,Supermarket San Pablo,703020,702002,2,7200032,,apbox,6,CM10AM,1,t,
,,,,,,,,,,,,,,,,,,,,
,,,,,,,,,,,,,,,,,,,,
,,,,,,,,,,,,,,,,,,,,
,,,,,,,,,,,,,,,,,,,,
,,,,,,,,,,,,,,,,,,,,
,,,,,,,,,,,,,,,,,,,,
SOH,119803,4/20/2022,RSO,837,3/23/2022,4/20/2022,119803,Savemore Tayabas,Savemore Tayabas,,,,,,,,,,,
,,,,,,,,,,,,,,,,,,,,
SOL,119803,4/20/2022,RSO,837,3/23/2022,4/20/2022,119803,Savemore Tayabas,Savemore Tayabas,703020,702002,1,7200033,,apbox,1,CM10AM,0,f,
,,,,,,,,,,,,,,,,,,,,
,,,,,,,,,,,,,,,,,,,,
,,,,,,,,,,,,,,,,,,,,
,,,,,,,,,,,,,,,,,,,,
,,,,,,,,,,,,,,,,,,,,
,,,,,,,,,,,,,,,,,,,,
SOH,119804,4/20/2022,OBC,800189,3/19/2022,4/20/2022,Catanauan,Catanauan,Catanauan,,,,,,,,,,,
,,,,,,,,,,,,,,,,,,,,
SOL,119804,4/20/2022,OBC,800189,3/19/2022,4/20/2022,Catanauan,Catanauan,Catanauan,703020,702002,1,7200033,,apbox,7,CM10AM,1,t,
SOL,119804,4/20/2022,OBC,800189,3/19/2022,4/20/2022,Catanauan,Catanauan,Catanauan,703020,702002,2,7200032,,apbox,4,CM10AM,1,t,
,,,,,,,,,,,,,,,,,,,,
,,,,,,,,,,,,,,,,,,,,
,,,,,,,,,,,,,,,,,,,,
,,,,,,,,,,,,,,,,,,,,
,,,,,,,,,,,,,,,,,,,,
,,,,,,,,,,,,,,,,,,,,
SOH,119812,4/20/2022,OBC,800140,3/21/2022,4/20/2022,Waltermart Batangas,Waltermart Batangas,Waltermart Batangas,,,,,,,,,,,
,,,,,,,,,,,,,,,,,,,,
SOL,119812,4/20/2022,OBC,800140,3/21/2022,4/20/2022,Waltermart Batangas,Waltermart Batangas,Waltermart Batangas,703020,702002,1,7200033,,apbox,5,CM10AM,1,t,
SOL,119812,4/20/2022,OBC,800140,3/21/2022,4/20/2022,Waltermart Batangas,Waltermart Batangas,Waltermart Batangas,703020,702002,2,7200032,,apbox,3,CM10AM,1,t,
,,,,,,,,,,,,,,,,,,,,
,,,,,,,,,,,,,,,,,,,,
,,,,,,,,,,,,,,,,,,,,
,,,,,,,,,,,,,,,,,,,,
,,,,,,,,,,,,,,,,,,,,
,,,,,,,,,,,,,,,,,,,,
SOH,119839,4/20/2022,OBC,800121,3/20/2022,4/20/2022,SINILOAN 2,SINILOAN 2,SINILOAN 2,,,,,,,,,,,
,,,,,,,,,,,,,,,,,,,,
SOL,119839,4/20/2022,OBC,800121,3/20/2022,4/20/2022,SINILOAN 2,SINILOAN 2,SINILOAN 2,703020,702002,1,7200033,,apbox,4,CM10AM,1,t,
,,,,,,,,,,,,,,,,,,,,
,,,,,,,,,,,,,,,,,,,,
SOH,119839,4/20/2022,OBC,800122,3/21/2022,4/20/2022,SINILOAN 2,SINILOAN 2,SINILOAN 2,,,,,,,,,,,
,,,,,,,,,,,,,,,,,,,,
SOL,119839,4/20/2022,OBC,800122,3/21/2022,4/20/2022,SINILOAN 2,SINILOAN 2,SINILOAN 2,703020,702002,1,7200032,,apbox,4,CM10AM,1,t,
,,,,,,,,,,,,,,,,,,,,
,,,,,,,,,,,,,,,,,,,,
,,,,,,,,,,,,,,,,,,,,
,,,,,,,,,,,,,,,,,,,,
,,,,,,,,,,,,,,,,,,,,
,,,,,,,,,,,,,,,,,,,,
SOH,119840,4/20/2022,OBC,800113,3/20/2022,4/20/2022,BAY LAGUNA 2,BAY LAGUNA 2,BAY LAGUNA 2,,,,,,,,,,,
,,,,,,,,,,,,,,,,,,,,
SOL,119840,4/20/2022,OBC,800113,3/20/2022,4/20/2022,BAY LAGUNA 2,BAY LAGUNA 2,BAY LAGUNA 2,703020,702002,1,7200033,,apbox,1,CM10AM,1,t,
,,,,,,,,,,,,,,,,,,,,
,,,,,,,,,,,,,,,,,,,,
,,,,,,,,,,,,,,,,,,,,
,,,,,,,,,,,,,,,,,,,,
,,,,,,,,,,,,,,,,,,,,
,,,,,,,,,,,,,,,,,,,,
SOH,119849,4/20/2022,OBC,800037,3/27/2022,4/20/2022,Pagbilao,Pagbilao,Pagbilao,,,,,,,,,,,
,,,,,,,,,,,,,,,,,,,,
SOL,119849,4/20/2022,OBC,800037,3/27/2022,4/20/2022,Pagbilao,Pagbilao,Pagbilao,703020,702002,1,7200033,,apbox,6,CM10AM,1,t,
SOL,119849,4/20/2022,OBC,800037,3/27/2022,4/20/2022,Pagbilao,Pagbilao,Pagbilao,703020,702002,2,7200032,,apbox,3,CM10AM,1,t,
,,,,,,,,,,,,,,,,,,,,
,,,,,,,,,,,,,,,,,,,,
,,,,,,,,,,,,,,,,,,,,
,,,,,,,,,,,,,,,,,,,,
,,,,,,,,,,,,,,,,,,,,
,,,,,,,,,,,,,,,,,,,,
SOH,120094,4/20/2022,OBC,801945,3/21/2022,4/20/2022,South Station,South Station,South Station,,,,,,,,,,,
,,,,,,,,,,,,,,,,,,,,
SOL,120094,4/20/2022,OBC,801945,3/21/2022,4/20/2022,South Station,South Station,South Station,703020,702002,1,7200033,,apbox,3,CM10AM,1,t,
SOL,120094,4/20/2022,OBC,801945,3/21/2022,4/20/2022,South Station,South Station,South Station,703020,702002,2,7200032,,apbox,2,CM10AM,1,t,
,,,,,,,,,,,,,,,,,,,,
,,,,,,,,,,,,,,,,,,,,
,,,,,,,,,,,,,,,,,,,,
,,,,,,,,,,,,,,,,,,,,
,,,,,,,,,,,,,,,,,,,,
,,,,,,,,,,,,,,,,,,,,
SOH,120101,4/20/2022,OBC,802025,3/21/2022,4/20/2022,Putatan,Putatan,Putatan,,,,,,,,,,,
,,,,,,,,,,,,,,,,,,,,
SOL,120101,4/20/2022,OBC,802025,3/21/2022,4/20/2022,Putatan,Putatan,Putatan,703020,702002,1,7200033,,apbox,8,CM10AM,1,t,NOTE:8  APPLE PIE apbox
SOL,120101,4/20/2022,OBC,802025,3/21/2022,4/20/2022,Putatan,Putatan,Putatan,703020,702002,2,7200032,,apbox,4,CM10AM,1,t,NOTE:4 APPLE PIE apbox
SOL,120101,4/20/2022,OBC,802025,3/21/2022,4/20/2022,Putatan,Putatan,Putatan,703020,702002,3,1280283,,kgs,1,CM10AM,1,t,
,,,,,,,,,,,,,,,,,,,,
,,,,,,,,,,,,,,,,,,,,
,,,,,,,,,,,,,,,,,,,,
,,,,,,,,,,,,,,,,,,,,
,,,,,,,,,,,,,,,,,,,,
,,,,,,,,,,,,,,,,,,,,
SOH,600019,4/20/2022,OBC,802329,3/21/2022,4/20/2022,starosawm,starosawm,starosawm,,,,,,,,,,,
,,,,,,,,,,,,,,,,,,,,
SOL,600019,4/20/2022,OBC,802329,3/21/2022,4/20/2022,starosawm,starosawm,starosawm,703020,702002,1,7200033,,apbox,7,CM10AM,1,t,
SOL,600019,4/20/2022,OBC,802329,3/21/2022,4/20/2022,starosawm,starosawm,starosawm,703020,702002,2,7200032,,apbox,3,CM10AM,1,t,
,,,,,,,,,,,,,,,,,,,,
,,,,,,,,,,,,,,,,,,,,
,,,,,,,,,,,,,,,,,,,,
,,,,,,,,,,,,,,,,,,,,
,,,,,,,,,,,,,,,,,,,,
,,,,,,,,,,,,,,,,,,,,
SOH,600022,4/20/2022,OBC,802813,3/19/2022,4/20/2022,calamba,calamba,calamba,,,,,,,,,,,
,,,,,,,,,,,,,,,,,,,,
SOL,600022,4/20/2022,OBC,802813,3/19/2022,4/20/2022,calamba,calamba,calamba,703020,702002,1,7200033,,apbox,15,CM10AM,1,t,180 sets
SOL,600022,4/20/2022,OBC,802813,3/19/2022,4/20/2022,calamba,calamba,calamba,703020,702002,2,1280283,,kgs,0.5,CM10AM,1,t,500grams
SOL,600022,4/20/2022,OBC,802813,3/19/2022,4/20/2022,calamba,calamba,calamba,703020,702002,3,7200032,,apbox,7,CM10AM,1,t,
,,,,,,,,,,,,,,,,,,,,
,,,,,,,,,,,,,,,,,,,,
,,,,,,,,,,,,,,,,,,,,
,,,,,,,,,,,,,,,,,,,,
,,,,,,,,,,,,,,,,,,,,
,,,,,,,,,,,,,,,,,,,,
SOH,600032,4/20/2022,OBC,800617,3/21/2022,4/20/2022,Grand Terminal Lucena,Grand Terminal Lucena,Grand Terminal Lucena,,,,,,,,,,,
,,,,,,,,,,,,,,,,,,,,
SOL,600032,4/20/2022,OBC,800617,3/21/2022,4/20/2022,Grand Terminal Lucena,Grand Terminal Lucena,Grand Terminal Lucena,703020,702002,1,7200033,,apbox,1,CM10AM,1,t,
SOL,600032,4/20/2022,OBC,800617,3/21/2022,4/20/2022,Grand Terminal Lucena,Grand Terminal Lucena,Grand Terminal Lucena,703020,702002,2,7200032,,apbox,1,CM10AM,1,t,
,,,,,,,,,,,,,,,,,,,,
,,,,,,,,,,,,,,,,,,,,
,,,,,,,,,,,,,,,,,,,,
,,,,,,,,,,,,,,,,,,,,
,,,,,,,,,,,,,,,,,,,,
,,,,,,,,,,,,,,,,,,,,
SOH,600040,4/20/2022,OBC,802171,3/21/2022,4/20/2022,Noveleta,Noveleta,Noveleta,,,,,,,,,,,
,,,,,,,,,,,,,,,,,,,,
SOL,600040,4/20/2022,OBC,802171,3/21/2022,4/20/2022,Noveleta,Noveleta,Noveleta,703020,702002,1,7200033,,apbox,15,CM10AM,1,t,
SOL,600040,4/20/2022,OBC,802171,3/21/2022,4/20/2022,Noveleta,Noveleta,Noveleta,703020,702002,2,7200032,,apbox,5,CM10AM,1,t,
,,,,,,,,,,,,,,,,,,,,
,,,,,,,,,,,,,,,,,,,,
,,,,,,,,,,,,,,,,,,,,
,,,,,,,,,,,,,,,,,,,,
,,,,,,,,,,,,,,,,,,,,
,,,,,,,,,,,,,,,,,,,,
SOH,600042,4/20/2022,OBC,803685,3/21/2022,4/20/2022,BatangasCity,BatangasCity,BatangasCity,,,,,,,,,,,
,,,,,,,,,,,,,,,,,,,,
SOL,600042,4/20/2022,OBC,803685,3/21/2022,4/20/2022,BatangasCity,BatangasCity,BatangasCity,703020,702002,1,7200033,,apbox,11,CM10AM,1,t,
SOL,600042,4/20/2022,OBC,803685,3/21/2022,4/20/2022,BatangasCity,BatangasCity,BatangasCity,703020,702002,2,7200032,,apbox,9,CM10AM,1,t,
,,,,,,,,,,,,,,,,,,,,
,,,,,,,,,,,,,,,,,,,,
,,,,,,,,,,,,,,,,,,,,
,,,,,,,,,,,,,,,,,,,,
,,,,,,,,,,,,,,,,,,,,
,,,,,,,,,,,,,,,,,,,,
SOH,600044,4/20/2022,OBC,803372,3/21/2022,4/20/2022,cavitecity,cavitecity,cavitecity,,,,,,,,,,,
,,,,,,,,,,,,,,,,,,,,
SOL,600044,4/20/2022,OBC,803372,3/21/2022,4/20/2022,cavitecity,cavitecity,cavitecity,703020,702002,1,7200033,,apbox,15,CM10AM,1,t,
SOL,600044,4/20/2022,OBC,803372,3/21/2022,4/20/2022,cavitecity,cavitecity,cavitecity,703020,702002,2,7200032,,apbox,4,CM10AM,1,t,
,,,,,,,,,,,,,,,,,,,,
,,,,,,,,,,,,,,,,,,,,
,,,,,,,,,,,,,,,,,,,,
,,,,,,,,,,,,,,,,,,,,
,,,,,,,,,,,,,,,,,,,,
,,,,,,,,,,,,,,,,,,,,
SOH,600053,4/20/2022,OBC,801543,3/21/2022,4/20/2022,Targetmall,Targetmall,Targetmall,,,,,,,,,,,
,,,,,,,,,,,,,,,,,,,,
SOL,600053,4/20/2022,OBC,801543,3/21/2022,4/20/2022,Targetmall,Targetmall,Targetmall,703020,702002,1,7200033,,apbox,5,CM10AM,1,t,
SOL,600053,4/20/2022,OBC,801543,3/21/2022,4/20/2022,Targetmall,Targetmall,Targetmall,703020,702002,2,7200032,,apbox,3,CM10AM,1,t,
,,,,,,,,,,,,,,,,,,,,
,,,,,,,,,,,,,,,,,,,,
,,,,,,,,,,,,,,,,,,,,
,,,,,,,,,,,,,,,,,,,,
,,,,,,,,,,,,,,,,,,,,
,,,,,,,,,,,,,,,,,,,,
SOH,600059,4/20/2022,OBC,802339,3/22/2022,4/20/2022,Gentrias,Gentrias,Gentrias,,,,,,,,,,,
,,,,,,,,,,,,,,,,,,,,
SOL,600059,4/20/2022,OBC,802339,3/22/2022,4/20/2022,Gentrias,Gentrias,Gentrias,703020,702002,1,7200033,,apbox,12,CM10AM,1,t,
SOL,600059,4/20/2022,OBC,802339,3/22/2022,4/20/2022,Gentrias,Gentrias,Gentrias,703020,702002,2,7200032,,apbox,4,CM10AM,1,t,
,,,,,,,,,,,,,,,,,,,,
,,,,,,,,,,,,,,,,,,,,
,,,,,,,,,,,,,,,,,,,,
,,,,,,,,,,,,,,,,,,,,
,,,,,,,,,,,,,,,,,,,,
,,,,,,,,,,,,,,,,,,,,
SOH,600094,4/20/2022,OBC,803500,3/21/2022,4/20/2022,Candelaria,Candelaria,Candelaria,,,,,,,,,,,
,,,,,,,,,,,,,,,,,,,,
SOL,600094,4/20/2022,OBC,803500,3/21/2022,4/20/2022,Candelaria,Candelaria,Candelaria,703020,702002,1,7200033,,apbox,10,CM10AM,1,t,
SOL,600094,4/20/2022,OBC,803500,3/21/2022,4/20/2022,Candelaria,Candelaria,Candelaria,703020,702002,2,7200032,,apbox,6,CM10AM,1,t,
,,,,,,,,,,,,,,,,,,,,
,,,,,,,,,,,,,,,,,,,,
,,,,,,,,,,,,,,,,,,,,
,,,,,,,,,,,,,,,,,,,,
,,,,,,,,,,,,,,,,,,,,
,,,,,,,,,,,,,,,,,,,,
SOH,600108,4/20/2022,OBC,802037,3/20/2022,4/20/2022,smdasma,smdasma,smdasma,,,,,,,,,,,
,,,,,,,,,,,,,,,,,,,,
SOL,600108,4/20/2022,OBC,802037,3/20/2022,4/20/2022,smdasma,smdasma,smdasma,703020,702002,1,7200033,,apbox,15,CM10AM,1,t,
SOL,600108,4/20/2022,OBC,802037,3/20/2022,4/20/2022,smdasma,smdasma,smdasma,703020,702002,2,7200032,,apbox,6,CM10AM,1,t,
,,,,,,,,,,,,,,,,,,,,
,,,,,,,,,,,,,,,,,,,,
,,,,,,,,,,,,,,,,,,,,
,,,,,,,,,,,,,,,,,,,,
,,,,,,,,,,,,,,,,,,,,
,,,,,,,,,,,,,,,,,,,,
SOH,600111,4/20/2022,OBC,802282,3/21/2022,4/20/2022,SM Batangas:-),SM Batangas:-),SM Batangas:-),,,,,,,,,,,
,,,,,,,,,,,,,,,,,,,,
SOL,600111,4/20/2022,OBC,802282,3/21/2022,4/20/2022,SM Batangas:-),SM Batangas:-),SM Batangas:-),703020,702002,1,7200033,,apbox,10,CM10AM,1,t,
SOL,600111,4/20/2022,OBC,802282,3/21/2022,4/20/2022,SM Batangas:-),SM Batangas:-),SM Batangas:-),703020,702002,2,7200032,,apbox,5,CM10AM,1,t,
,,,,,,,,,,,,,,,,,,,,
,,,,,,,,,,,,,,,,,,,,
,,,,,,,,,,,,,,,,,,,,
,,,,,,,,,,,,,,,,,,,,
,,,,,,,,,,,,,,,,,,,,
,,,,,,,,,,,,,,,,,,,,
SOH,600123,4/20/2022,OBC,803798,3/21/2022,4/20/2022,Lucenabayan,Lucenabayan,Lucenabayan,,,,,,,,,,,
,,,,,,,,,,,,,,,,,,,,
SOL,600123,4/20/2022,OBC,803798,3/21/2022,4/20/2022,Lucenabayan,Lucenabayan,Lucenabayan,703020,702002,1,7200033,,apbox,15,CM10AM,1,t,
SOL,600123,4/20/2022,OBC,803798,3/21/2022,4/20/2022,Lucenabayan,Lucenabayan,Lucenabayan,703020,702002,2,7200032,,apbox,7,CM10AM,1,t,
,,,,,,,,,,,,,,,,,,,,
,,,,,,,,,,,,,,,,,,,,
,,,,,,,,,,,,,,,,,,,,
,,,,,,,,,,,,,,,,,,,,
,,,,,,,,,,,,,,,,,,,,
,,,,,,,,,,,,,,,,,,,,
SOH,600131,4/20/2022,RSO,914355,3/21/2022,4/20/2022,600131,SM Molino,SM Molino,,,,,,,,,,,
,,,,,,,,,,,,,,,,,,,,
SOL,600131,4/20/2022,RSO,914355,3/21/2022,4/20/2022,600131,SM Molino,SM Molino,703020,702002,1,1280283,,kgs,1,CM10AM,0,f,
SOL,600131,4/20/2022,RSO,914355,3/21/2022,4/20/2022,600131,SM Molino,SM Molino,703020,702002,2,7200033,,apbox,17,CM10AM,1,f,
SOL,600131,4/20/2022,RSO,914355,3/21/2022,4/20/2022,600131,SM Molino,SM Molino,703020,702002,3,7200032,,apbox,9,CM10AM,1,f,
,,,,,,,,,,,,,,,,,,,,
,,,,,,,,,,,,,,,,,,,,
,,,,,,,,,,,,,,,,,,,,
,,,,,,,,,,,,,,,,,,,,
,,,,,,,,,,,,,,,,,,,,
,,,,,,,,,,,,,,,,,,,,
SOH,600144,4/20/2022,OBC,802964,3/21/2022,4/20/2022,SM Sta. Rosa,SM Sta. Rosa,SM Sta. Rosa,,,,,,,,,,,
,,,,,,,,,,,,,,,,,,,,
SOL,600144,4/20/2022,OBC,802964,3/21/2022,4/20/2022,SM Sta. Rosa,SM Sta. Rosa,SM Sta. Rosa,703020,702002,1,7200033,,apbox,8,CM10AM,1,t,5
SOL,600144,4/20/2022,OBC,802964,3/21/2022,4/20/2022,SM Sta. Rosa,SM Sta. Rosa,SM Sta. Rosa,703020,702002,2,7200032,,apbox,5,CM10AM,1,t,
,,,,,,,,,,,,,,,,,,,,
,,,,,,,,,,,,,,,,,,,,
,,,,,,,,,,,,,,,,,,,,
,,,,,,,,,,,,,,,,,,,,
,,,,,,,,,,,,,,,,,,,,
,,,,,,,,,,,,,,,,,,,,
SOH,600146,4/20/2022,OBC,802157,3/21/2022,4/20/2022,Nasugbu,Nasugbu,Nasugbu,,,,,,,,,,,
,,,,,,,,,,,,,,,,,,,,
SOL,600146,4/20/2022,OBC,802157,3/21/2022,4/20/2022,Nasugbu,Nasugbu,Nasugbu,703020,702002,1,7200033,,apbox,14,CM10AM,1,t,
SOL,600146,4/20/2022,OBC,802157,3/21/2022,4/20/2022,Nasugbu,Nasugbu,Nasugbu,703020,702002,2,7200032,,apbox,12,CM10AM,1,t,
,,,,,,,,,,,,,,,,,,,,
,,,,,,,,,,,,,,,,,,,,
,,,,,,,,,,,,,,,,,,,,
,,,,,,,,,,,,,,,,,,,,
,,,,,,,,,,,,,,,,,,,,
,,,,,,,,,,,,,,,,,,,,
SOH,600153,4/20/2022,OBC,803014,3/20/2022,4/20/2022,Robinsons Dasmariñas,Robinsons Dasmariñas,Robinsons Dasmariñas,,,,,,,,,,,
,,,,,,,,,,,,,,,,,,,,
SOL,600153,4/20/2022,OBC,803014,3/20/2022,4/20/2022,Robinsons Dasmariñas,Robinsons Dasmariñas,Robinsons Dasmariñas,703020,702002,1,7200033,,apbox,15,CM10AM,1,t,
SOL,600153,4/20/2022,OBC,803014,3/20/2022,4/20/2022,Robinsons Dasmariñas,Robinsons Dasmariñas,Robinsons Dasmariñas,703020,702002,2,7200032,,apbox,6,CM10AM,1,t,
,,,,,,,,,,,,,,,,,,,,
,,,,,,,,,,,,,,,,,,,,
SOH,600153,4/20/2022,OBC,803023,3/27/2022,4/20/2022,Robinsons Dasmariñas,Robinsons Dasmariñas,Robinsons Dasmariñas,,,,,,,,,,,
,,,,,,,,,,,,,,,,,,,,
SOL,600153,4/20/2022,OBC,803023,3/27/2022,4/20/2022,Robinsons Dasmariñas,Robinsons Dasmariñas,Robinsons Dasmariñas,703020,702002,1,7200032,,apbox,20,CM10AM,1,t,
,,,,,,,,,,,,,,,,,,,,
,,,,,,,,,,,,,,,,,,,,
,,,,,,,,,,,,,,,,,,,,
,,,,,,,,,,,,,,,,,,,,
,,,,,,,,,,,,,,,,,,,,
,,,,,,,,,,,,,,,,,,,,
SOH,600161,4/20/2022,OBC,802353,3/21/2022,4/20/2022,Silang Cavite,Silang Cavite,Silang Cavite,,,,,,,,,,,
,,,,,,,,,,,,,,,,,,,,
SOL,600161,4/20/2022,OBC,802353,3/21/2022,4/20/2022,Silang Cavite,Silang Cavite,Silang Cavite,703020,702002,1,7200033,,apbox,3,CM10AM,1,t,
SOL,600161,4/20/2022,OBC,802353,3/21/2022,4/20/2022,Silang Cavite,Silang Cavite,Silang Cavite,703020,702002,2,7200032,,apbox,2,CM10AM,1,t,
,,,,,,,,,,,,,,,,,,,,
,,,,,,,,,,,,,,,,,,,,
,,,,,,,,,,,,,,,,,,,,
,,,,,,,,,,,,,,,,,,,,
,,,,,,,,,,,,,,,,,,,,
,,,,,,,,,,,,,,,,,,,,
SOH,600176,4/20/2022,OBC,802537,3/21/2022,4/20/2022,Balayan Batangas (Kiosk),Balayan Batangas (Kiosk),Balayan Batangas (Kiosk),,,,,,,,,,,
,,,,,,,,,,,,,,,,,,,,
SOL,600176,4/20/2022,OBC,802537,3/21/2022,4/20/2022,Balayan Batangas (Kiosk),Balayan Batangas (Kiosk),Balayan Batangas (Kiosk),703020,702002,1,7200033,,apbox,12,CM10AM,1,t,
SOL,600176,4/20/2022,OBC,802537,3/21/2022,4/20/2022,Balayan Batangas (Kiosk),Balayan Batangas (Kiosk),Balayan Batangas (Kiosk),703020,702002,2,7200032,,apbox,9,CM10AM,1,t,
,,,,,,,,,,,,,,,,,,,,
,,,,,,,,,,,,,,,,,,,,
,,,,,,,,,,,,,,,,,,,,
,,,,,,,,,,,,,,,,,,,,
,,,,,,,,,,,,,,,,,,,,
,,,,,,,,,,,,,,,,,,,,
SOH,600178,4/20/2022,OBC,801563,3/21/2022,4/20/2022,Mamatid Laguna (Kiosk),Mamatid Laguna (Kiosk),Mamatid Laguna (Kiosk),,,,,,,,,,,
,,,,,,,,,,,,,,,,,,,,
SOL,600178,4/20/2022,OBC,801563,3/21/2022,4/20/2022,Mamatid Laguna (Kiosk),Mamatid Laguna (Kiosk),Mamatid Laguna (Kiosk),703020,702002,1,7200033,,apbox,9,CM10AM,1,t,
SOL,600178,4/20/2022,OBC,801563,3/21/2022,4/20/2022,Mamatid Laguna (Kiosk),Mamatid Laguna (Kiosk),Mamatid Laguna (Kiosk),703020,702002,2,7200032,,apbox,5,CM10AM,1,t,
,,,,,,,,,,,,,,,,,,,,
,,,,,,,,,,,,,,,,,,,,
,,,,,,,,,,,,,,,,,,,,
,,,,,,,,,,,,,,,,,,,,
,,,,,,,,,,,,,,,,,,,,
,,,,,,,,,,,,,,,,,,,,
SOH,600179,4/20/2022,OBC,801732,3/25/2022,4/20/2022,SM Lucena (Cart),SM Lucena (Cart),SM Lucena (Cart),,,,,,,,,,,
,,,,,,,,,,,,,,,,,,,,
SOL,600179,4/20/2022,OBC,801732,3/25/2022,4/20/2022,SM Lucena (Cart),SM Lucena (Cart),SM Lucena (Cart),703020,702002,1,7200033,,apbox,6,CM10AM,1,t,
SOL,600179,4/20/2022,OBC,801732,3/25/2022,4/20/2022,SM Lucena (Cart),SM Lucena (Cart),SM Lucena (Cart),703020,702002,2,7200032,,apbox,2,CM10AM,1,t,
,,,,,,,,,,,,,,,,,,,,
,,,,,,,,,,,,,,,,,,,,
,,,,,,,,,,,,,,,,,,,,
,,,,,,,,,,,,,,,,,,,,
,,,,,,,,,,,,,,,,,,,,
,,,,,,,,,,,,,,,,,,,,
SOH,600180,4/20/2022,OBC,802615,3/21/2022,4/20/2022,Piazza Sta. Rosa,Piazza Sta. Rosa,Piazza Sta. Rosa,,,,,,,,,,,
,,,,,,,,,,,,,,,,,,,,
SOL,600180,4/20/2022,OBC,802615,3/21/2022,4/20/2022,Piazza Sta. Rosa,Piazza Sta. Rosa,Piazza Sta. Rosa,703020,702002,1,7200033,,apbox,5,CM10AM,1,t,
SOL,600180,4/20/2022,OBC,802615,3/21/2022,4/20/2022,Piazza Sta. Rosa,Piazza Sta. Rosa,Piazza Sta. Rosa,703020,702002,2,7200032,,apbox,3,CM10AM,1,t,
,,,,,,,,,,,,,,,,,,,,
,,,,,,,,,,,,,,,,,,,,
,,,,,,,,,,,,,,,,,,,,
,,,,,,,,,,,,,,,,,,,,
,,,,,,,,,,,,,,,,,,,,
,,,,,,,,,,,,,,,,,,,,
SOH,600191,4/20/2022,OBC,802512,3/20/2022,4/20/2022,Cabuyao Bayan (Kiosk),Cabuyao Bayan (Kiosk),Cabuyao Bayan (Kiosk),,,,,,,,,,,
,,,,,,,,,,,,,,,,,,,,
SOL,600191,4/20/2022,OBC,802512,3/20/2022,4/20/2022,Cabuyao Bayan (Kiosk),Cabuyao Bayan (Kiosk),Cabuyao Bayan (Kiosk),703020,702002,1,7200033,,apbox,21,CM10AM,1,t,
SOL,600191,4/20/2022,OBC,802512,3/20/2022,4/20/2022,Cabuyao Bayan (Kiosk),Cabuyao Bayan (Kiosk),Cabuyao Bayan (Kiosk),703020,702002,2,7200032,,apbox,13,CM10AM,1,t,
SOL,600191,4/20/2022,OBC,802512,3/20/2022,4/20/2022,Cabuyao Bayan (Kiosk),Cabuyao Bayan (Kiosk),Cabuyao Bayan (Kiosk),703020,702002,3,1280283,,kgs,1,CM10AM,1,t,
,,,,,,,,,,,,,,,,,,,,
,,,,,,,,,,,,,,,,,,,,
,,,,,,,,,,,,,,,,,,,,
,,,,,,,,,,,,,,,,,,,,
,,,,,,,,,,,,,,,,,,,,
,,,,,,,,,,,,,,,,,,,,
SOH,600194,4/20/2022,OBC,801737,3/22/2022,4/20/2022,Big Ben,Big Ben,Big Ben,,,,,,,,,,,
,,,,,,,,,,,,,,,,,,,,
SOL,600194,4/20/2022,OBC,801737,3/22/2022,4/20/2022,Big Ben,Big Ben,Big Ben,703020,702002,1,7200033,,apbox,9,CM10AM,1,t,
SOL,600194,4/20/2022,OBC,801737,3/22/2022,4/20/2022,Big Ben,Big Ben,Big Ben,703020,702002,2,7200032,,apbox,3,CM10AM,1,t,
,,,,,,,,,,,,,,,,,,,,
,,,,,,,,,,,,,,,,,,,,
,,,,,,,,,,,,,,,,,,,,
,,,,,,,,,,,,,,,,,,,,
,,,,,,,,,,,,,,,,,,,,
,,,,,,,,,,,,,,,,,,,,
SOH,600209,4/20/2022,OBC,801629,3/20/2022,4/20/2022,Paliparan,Paliparan,Paliparan,,,,,,,,,,,
,,,,,,,,,,,,,,,,,,,,
SOL,600209,4/20/2022,OBC,801629,3/20/2022,4/20/2022,Paliparan,Paliparan,Paliparan,703020,702002,1,7200033,,apbox,7,CM10AM,1,t,
SOL,600209,4/20/2022,OBC,801629,3/20/2022,4/20/2022,Paliparan,Paliparan,Paliparan,703020,702002,2,7200032,,apbox,4,CM10AM,1,t,
,,,,,,,,,,,,,,,,,,,,
,,,,,,,,,,,,,,,,,,,,
,,,,,,,,,,,,,,,,,,,,
,,,,,,,,,,,,,,,,,,,,
,,,,,,,,,,,,,,,,,,,,
,,,,,,,,,,,,,,,,,,,,
SOH,600217,4/20/2022,OBC,802377,3/21/2022,4/20/2022,Tagaytay,Tagaytay,Tagaytay,,,,,,,,,,,
,,,,,,,,,,,,,,,,,,,,
SOL,600217,4/20/2022,OBC,802377,3/21/2022,4/20/2022,Tagaytay,Tagaytay,Tagaytay,703020,702002,1,7200033,,apbox,5,CM10AM,1,t,
SOL,600217,4/20/2022,OBC,802377,3/21/2022,4/20/2022,Tagaytay,Tagaytay,Tagaytay,703020,702002,2,7200032,,apbox,4,CM10AM,1,t,
SOL,600217,4/20/2022,OBC,802377,3/21/2022,4/20/2022,Tagaytay,Tagaytay,Tagaytay,703020,702002,3,1280283,,kgs,1,CM10AM,1,t,
,,,,,,,,,,,,,,,,,,,,
,,,,,,,,,,,,,,,,,,,,
,,,,,,,,,,,,,,,,,,,,
,,,,,,,,,,,,,,,,,,,,
,,,,,,,,,,,,,,,,,,,,
,,,,,,,,,,,,,,,,,,,,
SOH,600221,4/20/2022,OBC,803169,3/20/2022,4/20/2022,Molino ,Molino ,Molino ,,,,,,,,,,,
,,,,,,,,,,,,,,,,,,,,
SOL,600221,4/20/2022,OBC,803169,3/20/2022,4/20/2022,Molino ,Molino ,Molino ,703020,702002,1,7200033,,apbox,18,CM10AM,1,t,
SOL,600221,4/20/2022,OBC,803169,3/20/2022,4/20/2022,Molino ,Molino ,Molino ,703020,702002,2,7200032,,apbox,10,CM10AM,1,t,
,,,,,,,,,,,,,,,,,,,,
,,,,,,,,,,,,,,,,,,,,
,,,,,,,,,,,,,,,,,,,,
,,,,,,,,,,,,,,,,,,,,
,,,,,,,,,,,,,,,,,,,,
,,,,,,,,,,,,,,,,,,,,
SOH,600222,4/20/2022,OBC,801112,3/22/2022,4/20/2022,Tanauan Waltermart,Tanauan Waltermart,Tanauan Waltermart,,,,,,,,,,,
,,,,,,,,,,,,,,,,,,,,
SOL,600222,4/20/2022,OBC,801112,3/22/2022,4/20/2022,Tanauan Waltermart,Tanauan Waltermart,Tanauan Waltermart,703020,702002,1,7200033,,apbox,6,CM10AM,1,t,
SOL,600222,4/20/2022,OBC,801112,3/22/2022,4/20/2022,Tanauan Waltermart,Tanauan Waltermart,Tanauan Waltermart,703020,702002,2,7200032,,apbox,3,CM10AM,1,t,
,,,,,,,,,,,,,,,,,,,,
,,,,,,,,,,,,,,,,,,,,
,,,,,,,,,,,,,,,,,,,,
,,,,,,,,,,,,,,,,,,,,
,,,,,,,,,,,,,,,,,,,,
,,,,,,,,,,,,,,,,,,,,
SOH,600223,4/20/2022,OBC,804085,3/21/2022,4/20/2022,SM Calamba,SM Calamba,SM Calamba,,,,,,,,,,,
,,,,,,,,,,,,,,,,,,,,
SOL,600223,4/20/2022,OBC,804085,3/21/2022,4/20/2022,SM Calamba,SM Calamba,SM Calamba,703020,702002,1,7200033,,apbox,14,CM10AM,1,t,
SOL,600223,4/20/2022,OBC,804085,3/21/2022,4/20/2022,SM Calamba,SM Calamba,SM Calamba,703020,702002,2,7200032,,apbox,10,CM10AM,1,t,
,,,,,,,,,,,,,,,,,,,,
,,,,,,,,,,,,,,,,,,,,
,,,,,,,,,,,,,,,,,,,,
,,,,,,,,,,,,,,,,,,,,
,,,,,,,,,,,,,,,,,,,,
,,,,,,,,,,,,,,,,,,,,
SOH,600241,4/20/2022,OBC,802463,3/19/2022,4/20/2022,Imall Canlubang,Imall Canlubang,Imall Canlubang,,,,,,,,,,,
,,,,,,,,,,,,,,,,,,,,
SOL,600241,4/20/2022,OBC,802463,3/19/2022,4/20/2022,Imall Canlubang,Imall Canlubang,Imall Canlubang,703020,702002,1,7200033,,apbox,13,CM10AM,1,t,156 sets
SOL,600241,4/20/2022,OBC,802463,3/19/2022,4/20/2022,Imall Canlubang,Imall Canlubang,Imall Canlubang,703020,702002,2,1280283,,kgs,0.5,CM10AM,1,t,500 grams
SOL,600241,4/20/2022,OBC,802463,3/19/2022,4/20/2022,Imall Canlubang,Imall Canlubang,Imall Canlubang,703020,702002,3,7200032,,apbox,7,CM10AM,1,t,
,,,,,,,,,,,,,,,,,,,,
,,,,,,,,,,,,,,,,,,,,
,,,,,,,,,,,,,,,,,,,,
,,,,,,,,,,,,,,,,,,,,
,,,,,,,,,,,,,,,,,,,,
,,,,,,,,,,,,,,,,,,,,
SOH,600244,4/20/2022,OBC,802716,3/21/2022,4/20/2022,Puregold Anabu,Puregold Anabu,Puregold Anabu,,,,,,,,,,,
,,,,,,,,,,,,,,,,,,,,
SOL,600244,4/20/2022,OBC,802716,3/21/2022,4/20/2022,Puregold Anabu,Puregold Anabu,Puregold Anabu,703020,702002,1,7200033,,apbox,10,CM10AM,1,t,
SOL,600244,4/20/2022,OBC,802716,3/21/2022,4/20/2022,Puregold Anabu,Puregold Anabu,Puregold Anabu,703020,702002,2,7200032,,apbox,6,CM10AM,1,t,
,,,,,,,,,,,,,,,,,,,,
,,,,,,,,,,,,,,,,,,,,
,,,,,,,,,,,,,,,,,,,,
,,,,,,,,,,,,,,,,,,,,
,,,,,,,,,,,,,,,,,,,,
,,,,,,,,,,,,,,,,,,,,
SOH,600248,4/20/2022,OBC,802723,3/21/2022,4/20/2022,Sta Rosa Bayan,Sta Rosa Bayan,Sta Rosa Bayan,,,,,,,,,,,
,,,,,,,,,,,,,,,,,,,,
SOL,600248,4/20/2022,OBC,802723,3/21/2022,4/20/2022,Sta Rosa Bayan,Sta Rosa Bayan,Sta Rosa Bayan,703020,702002,1,7200033,,apbox,8,CM10AM,1,t,
SOL,600248,4/20/2022,OBC,802723,3/21/2022,4/20/2022,Sta Rosa Bayan,Sta Rosa Bayan,Sta Rosa Bayan,703020,702002,2,7200032,,apbox,5,CM10AM,1,t,
SOL,600248,4/20/2022,OBC,802723,3/21/2022,4/20/2022,Sta Rosa Bayan,Sta Rosa Bayan,Sta Rosa Bayan,703020,702002,3,1280283,,kgs,1,CM10AM,1,t,
,,,,,,,,,,,,,,,,,,,,
,,,,,,,,,,,,,,,,,,,,
,,,,,,,,,,,,,,,,,,,,
,,,,,,,,,,,,,,,,,,,,
,,,,,,,,,,,,,,,,,,,,
,,,,,,,,,,,,,,,,,,,,
SOH,600252,4/20/2022,RSO,911845,3/21/2022,4/20/2022,600252,Xentro Mall Lemery,Xentro Mall Lemery,,,,,,,,,,,
,,,,,,,,,,,,,,,,,,,,
SOL,600252,4/20/2022,RSO,911845,3/21/2022,4/20/2022,600252,Xentro Mall Lemery,Xentro Mall Lemery,703020,702002,1,7200033,,apbox,4,CM10AM,1,f,
SOL,600252,4/20/2022,RSO,911845,3/21/2022,4/20/2022,600252,Xentro Mall Lemery,Xentro Mall Lemery,703020,702002,2,7200032,,apbox,2,CM10AM,1,f,
,,,,,,,,,,,,,,,,,,,,
,,,,,,,,,,,,,,,,,,,,
,,,,,,,,,,,,,,,,,,,,
,,,,,,,,,,,,,,,,,,,,
,,,,,,,,,,,,,,,,,,,,
,,,,,,,,,,,,,,,,,,,,
SOH,600264,4/20/2022,OBC,802273,3/21/2022,4/20/2022,Mendez Cart,Mendez Cart,Mendez Cart,,,,,,,,,,,
,,,,,,,,,,,,,,,,,,,,
SOL,600264,4/20/2022,OBC,802273,3/21/2022,4/20/2022,Mendez Cart,Mendez Cart,Mendez Cart,703020,702002,1,7200033,,apbox,8,CM10AM,1,t,
SOL,600264,4/20/2022,OBC,802273,3/21/2022,4/20/2022,Mendez Cart,Mendez Cart,Mendez Cart,703020,702002,2,7200032,,apbox,4,CM10AM,1,t,
,,,,,,,,,,,,,,,,,,,,
,,,,,,,,,,,,,,,,,,,,
,,,,,,,,,,,,,,,,,,,,
,,,,,,,,,,,,,,,,,,,,
,,,,,,,,,,,,,,,,,,,,
,,,,,,,,,,,,,,,,,,,,
SOH,600269,4/20/2022,OBC,800571,3/21/2022,4/20/2022,Centro Mall Cabuyao,Centro Mall Cabuyao,Centro Mall Cabuyao,,,,,,,,,,,
,,,,,,,,,,,,,,,,,,,,
SOL,600269,4/20/2022,OBC,800571,3/21/2022,4/20/2022,Centro Mall Cabuyao,Centro Mall Cabuyao,Centro Mall Cabuyao,703020,702002,1,7200033,,apbox,8,CM10AM,1,t,
SOL,600269,4/20/2022,OBC,800571,3/21/2022,4/20/2022,Centro Mall Cabuyao,Centro Mall Cabuyao,Centro Mall Cabuyao,703020,702002,2,7200032,,apbox,5,CM10AM,1,t,
,,,,,,,,,,,,,,,,,,,,
,,,,,,,,,,,,,,,,,,,,
,,,,,,,,,,,,,,,,,,,,
,,,,,,,,,,,,,,,,,,,,
,,,,,,,,,,,,,,,,,,,,
,,,,,,,,,,,,,,,,,,,,
SOH,600271,4/20/2022,OBC,801433,3/21/2022,4/20/2022,tagapo,tagapo,tagapo,,,,,,,,,,,
,,,,,,,,,,,,,,,,,,,,
SOL,600271,4/20/2022,OBC,801433,3/21/2022,4/20/2022,tagapo,tagapo,tagapo,703020,702002,1,7200033,,apbox,7,CM10AM,1,t,
SOL,600271,4/20/2022,OBC,801433,3/21/2022,4/20/2022,tagapo,tagapo,tagapo,703020,702002,2,7200032,,apbox,3,CM10AM,1,t,
,,,,,,,,,,,,,,,,,,,,
,,,,,,,,,,,,,,,,,,,,
,,,,,,,,,,,,,,,,,,,,
,,,,,,,,,,,,,,,,,,,,
,,,,,,,,,,,,,,,,,,,,
,,,,,,,,,,,,,,,,,,,,
SOH,600280,4/20/2022,OBC,800727,3/21/2022,4/20/2022,Premier Silang,Premier Silang,Premier Silang,,,,,,,,,,,
,,,,,,,,,,,,,,,,,,,,
SOL,600280,4/20/2022,OBC,800727,3/21/2022,4/20/2022,Premier Silang,Premier Silang,Premier Silang,703020,702002,1,7200033,,apbox,2,CM10AM,1,t,
SOL,600280,4/20/2022,OBC,800727,3/21/2022,4/20/2022,Premier Silang,Premier Silang,Premier Silang,703020,702002,2,7200032,,apbox,1,CM10AM,1,t,
,,,,,,,,,,,,,,,,,,,,
,,,,,,,,,,,,,,,,,,,,
,,,,,,,,,,,,,,,,,,,,
,,,,,,,,,,,,,,,,,,,,
,,,,,,,,,,,,,,,,,,,,
,,,,,,,,,,,,,,,,,,,,
SOH,600287,4/20/2022,OBC,800884,3/21/2022,4/20/2022,Kumintang ,Kumintang ,Kumintang ,,,,,,,,,,,
,,,,,,,,,,,,,,,,,,,,
SOL,600287,4/20/2022,OBC,800884,3/21/2022,4/20/2022,Kumintang ,Kumintang ,Kumintang ,703020,702002,1,7200033,,apbox,5,CM10AM,1,t,
SOL,600287,4/20/2022,OBC,800884,3/21/2022,4/20/2022,Kumintang ,Kumintang ,Kumintang ,703020,702002,2,7200032,,apbox,3,CM10AM,1,t,
,,,,,,,,,,,,,,,,,,,,
,,,,,,,,,,,,,,,,,,,,
,,,,,,,,,,,,,,,,,,,,
,,,,,,,,,,,,,,,,,,,,
,,,,,,,,,,,,,,,,,,,,
,,,,,,,,,,,,,,,,,,,,
SOH,600297,4/20/2022,OBC,801397,3/22/2022,4/20/2022,SM City Trece Martires,SM City Trece Martires,SM City Trece Martires,,,,,,,,,,,
,,,,,,,,,,,,,,,,,,,,
SOL,600297,4/20/2022,OBC,801397,3/22/2022,4/20/2022,SM City Trece Martires,SM City Trece Martires,SM City Trece Martires,703020,702002,1,7200033,,apbox,4,CM10AM,1,t,
SOL,600297,4/20/2022,OBC,801397,3/22/2022,4/20/2022,SM City Trece Martires,SM City Trece Martires,SM City Trece Martires,703020,702002,2,7200032,,apbox,2,CM10AM,1,t,
SOL,600297,4/20/2022,OBC,801397,3/22/2022,4/20/2022,SM City Trece Martires,SM City Trece Martires,SM City Trece Martires,703020,702002,3,1280283,,kgs,1,CM10AM,1,t,
,,,,,,,,,,,,,,,,,,,,
,,,,,,,,,,,,,,,,,,,,
,,,,,,,,,,,,,,,,,,,,
,,,,,,,,,,,,,,,,,,,,
,,,,,,,,,,,,,,,,,,,,
,,,,,,,,,,,,,,,,,,,,
SOH,600310,4/20/2022,OBC,800636,3/22/2022,4/20/2022,Sm Supermarket Trece Martires ,Sm Supermarket Trece Martires ,Sm Supermarket Trece Martires ,,,,,,,,,,,
,,,,,,,,,,,,,,,,,,,,
SOL,600310,4/20/2022,OBC,800636,3/22/2022,4/20/2022,Sm Supermarket Trece Martires ,Sm Supermarket Trece Martires ,Sm Supermarket Trece Martires ,703020,702002,1,7200033,,apbox,7,CM10AM,1,t,
SOL,600310,4/20/2022,OBC,800636,3/22/2022,4/20/2022,Sm Supermarket Trece Martires ,Sm Supermarket Trece Martires ,Sm Supermarket Trece Martires ,703020,702002,2,7200032,,apbox,2,CM10AM,1,t,
,,,,,,,,,,,,,,,,,,,,
,,,,,,,,,,,,,,,,,,,,
,,,,,,,,,,,,,,,,,,,,
,,,,,,,,,,,,,,,,,,,,
,,,,,,,,,,,,,,,,,,,,
,,,,,,,,,,,,,,,,,,,,
SOH,600330,4/20/2022,OBC,800383,3/20/2022,4/20/2022,Savemore Zapote,Savemore Zapote,Savemore Zapote,,,,,,,,,,,
,,,,,,,,,,,,,,,,,,,,
SOL,600330,4/20/2022,OBC,800383,3/20/2022,4/20/2022,Savemore Zapote,Savemore Zapote,Savemore Zapote,703020,702002,1,7200033,,apbox,2,CM10AM,1,t,
SOL,600330,4/20/2022,OBC,800383,3/20/2022,4/20/2022,Savemore Zapote,Savemore Zapote,Savemore Zapote,703020,702002,2,7200032,,apbox,1,CM10AM,1,t,
,,,,,,,,,,,,,,,,,,,,
,,,,,,,,,,,,,,,,,,,,
,,,,,,,,,,,,,,,,,,,,
,,,,,,,,,,,,,,,,,,,,
,,,,,,,,,,,,,,,,,,,,
,,,,,,,,,,,,,,,,,,,,
SOH,600331,4/20/2022,OBC,800251,3/21/2022,4/20/2022,Savemore Cabuyao,Savemore Cabuyao,Savemore Cabuyao,,,,,,,,,,,
,,,,,,,,,,,,,,,,,,,,
SOL,600331,4/20/2022,OBC,800251,3/21/2022,4/20/2022,Savemore Cabuyao,Savemore Cabuyao,Savemore Cabuyao,703020,702002,1,7200033,,apbox,6,CM10AM,1,t,
SOL,600331,4/20/2022,OBC,800251,3/21/2022,4/20/2022,Savemore Cabuyao,Savemore Cabuyao,Savemore Cabuyao,703020,702002,2,7200032,,apbox,3,CM10AM,1,t,
,,,,,,,,,,,,,,,,,,,,
,,,,,,,,,,,,,,,,,,,,
,,,,,,,,,,,,,,,,,,,,
,,,,,,,,,,,,,,,,,,,,
,,,,,,,,,,,,,,,,,,,,
,,,,,,,,,,,,,,,,,,,,
SOH,600332,4/20/2022,OBC,800437,3/21/2022,4/20/2022,Savemore Agora ,Savemore Agora ,Savemore Agora ,,,,,,,,,,,
,,,,,,,,,,,,,,,,,,,,
SOL,600332,4/20/2022,OBC,800437,3/21/2022,4/20/2022,Savemore Agora ,Savemore Agora ,Savemore Agora ,703020,702002,1,7200032,,apbox,4,CM10AM,1,t,
SOL,600332,4/20/2022,OBC,800437,3/21/2022,4/20/2022,Savemore Agora ,Savemore Agora ,Savemore Agora ,703020,702002,2,7200033,,apbox,6,CM10AM,1,t,
,,,,,,,,,,,,,,,,,,,,
,,,,,,,,,,,,,,,,,,,,
,,,,,,,,,,,,,,,,,,,,
,,,,,,,,,,,,,,,,,,,,
,,,,,,,,,,,,,,,,,,,,
,,,,,,,,,,,,,,,,,,,,
SOH,600334,4/20/2022,OBC,800266,3/21/2022,4/20/2022,Supermarket Batangas,Supermarket Batangas,Supermarket Batangas,,,,,,,,,,,
,,,,,,,,,,,,,,,,,,,,
SOL,600334,4/20/2022,OBC,800266,3/21/2022,4/20/2022,Supermarket Batangas,Supermarket Batangas,Supermarket Batangas,703020,702002,1,7200032,,apbox,2,CM10AM,1,t,
SOL,600334,4/20/2022,OBC,800266,3/21/2022,4/20/2022,Supermarket Batangas,Supermarket Batangas,Supermarket Batangas,703020,702002,2,7200033,,apbox,3,CM10AM,1,t,
,,,,,,,,,,,,,,,,,,,,
,,,,,,,,,,,,,,,,,,,,
,,,,,,,,,,,,,,,,,,,,
,,,,,,,,,,,,,,,,,,,,
,,,,,,,,,,,,,,,,,,,,
,,,,,,,,,,,,,,,,,,,,
SOH,600335,4/20/2022,OBC,800164,3/20/2022,4/20/2022,Supermarket Dasma,Supermarket Dasma,Supermarket Dasma,,,,,,,,,,,
,,,,,,,,,,,,,,,,,,,,
SOL,600335,4/20/2022,OBC,800164,3/20/2022,4/20/2022,Supermarket Dasma,Supermarket Dasma,Supermarket Dasma,703020,702002,1,7200033,,apbox,8,CM10AM,1,t,
SOL,600335,4/20/2022,OBC,800164,3/20/2022,4/20/2022,Supermarket Dasma,Supermarket Dasma,Supermarket Dasma,703020,702002,2,7200032,,apbox,5,CM10AM,1,t,
,,,,,,,,,,,,,,,,,,,,
,,,,,,,,,,,,,,,,,,,,
,,,,,,,,,,,,,,,,,,,,
,,,,,,,,,,,,,,,,,,,,
,,,,,,,,,,,,,,,,,,,,
,,,,,,,,,,,,,,,,,,,,
SOH,600336,4/20/2022,RSO,911846,3/21/2022,4/20/2022,600336,Hypermarket Molino,Hypermarket Molino,,,,,,,,,,,
,,,,,,,,,,,,,,,,,,,,
SOL,600336,4/20/2022,RSO,911846,3/21/2022,4/20/2022,600336,Hypermarket Molino,Hypermarket Molino,703020,702002,1,7200033,,apbox,4,CM10AM,1,f,
SOL,600336,4/20/2022,RSO,911846,3/21/2022,4/20/2022,600336,Hypermarket Molino,Hypermarket Molino,703020,702002,2,7200032,,apbox,3,CM10AM,1,f,
,,,,,,,,,,,,,,,,,,,,
,,,,,,,,,,,,,,,,,,,,
,,,,,,,,,,,,,,,,,,,,
,,,,,,,,,,,,,,,,,,,,
,,,,,,,,,,,,,,,,,,,,
,,,,,,,,,,,,,,,,,,,,
SOH,600338,4/20/2022,OBC,800408,3/21/2022,4/20/2022,Puregold Centenial Cart,Puregold Centenial Cart,Puregold Centenial Cart,,,,,,,,,,,
,,,,,,,,,,,,,,,,,,,,
SOL,600338,4/20/2022,OBC,800408,3/21/2022,4/20/2022,Puregold Centenial Cart,Puregold Centenial Cart,Puregold Centenial Cart,703020,702002,1,7200033,,apbox,4,CM10AM,1,t,obc
SOL,600338,4/20/2022,OBC,800408,3/21/2022,4/20/2022,Puregold Centenial Cart,Puregold Centenial Cart,Puregold Centenial Cart,703020,702002,2,7200032,,apbox,2,CM10AM,1,t,obc
,,,,,,,,,,,,,,,,,,,,
,,,,,,,,,,,,,,,,,,,,
,,,,,,,,,,,,,,,,,,,,
,,,,,,,,,,,,,,,,,,,,
,,,,,,,,,,,,,,,,,,,,
,,,,,,,,,,,,,,,,,,,,
SOH,600354,4/20/2022,OBC,800584,3/21/2022,4/20/2022,Waltermart Balayan,Waltermart Balayan,Waltermart Balayan,,,,,,,,,,,
,,,,,,,,,,,,,,,,,,,,
SOL,600354,4/20/2022,OBC,800584,3/21/2022,4/20/2022,Waltermart Balayan,Waltermart Balayan,Waltermart Balayan,703020,702002,1,7200032,,apbox,7,CM10AM,1,t,
SOL,600354,4/20/2022,OBC,800584,3/21/2022,4/20/2022,Waltermart Balayan,Waltermart Balayan,Waltermart Balayan,703020,702002,2,7200033,,apbox,8,CM10AM,1,t,
,,,,,,,,,,,,,,,,,,,,
,,,,,,,,,,,,,,,,,,,,
,,,,,,,,,,,,,,,,,,,,
,,,,,,,,,,,,,,,,,,,,
,,,,,,,,,,,,,,,,,,,,
,,,,,,,,,,,,,,,,,,,,
SOH,600356,4/20/2022,OBC,800853,3/21/2022,4/20/2022,Savemore Amadeo,Savemore Amadeo,Savemore Amadeo,,,,,,,,,,,
,,,,,,,,,,,,,,,,,,,,
SOL,600356,4/20/2022,OBC,800853,3/21/2022,4/20/2022,Savemore Amadeo,Savemore Amadeo,Savemore Amadeo,703020,702002,1,7200033,,apbox,5,CM10AM,1,t,
SOL,600356,4/20/2022,OBC,800853,3/21/2022,4/20/2022,Savemore Amadeo,Savemore Amadeo,Savemore Amadeo,703020,702002,2,7200032,,apbox,2,CM10AM,1,t,
,,,,,,,,,,,,,,,,,,,,
,,,,,,,,,,,,,,,,,,,,
,,,,,,,,,,,,,,,,,,,,
,,,,,,,,,,,,,,,,,,,,
,,,,,,,,,,,,,,,,,,,,
,,,,,,,,,,,,,,,,,,,,
SOH,600358,4/20/2022,OBC,800780,3/21/2022,4/20/2022,Savemore Mendez,Savemore Mendez,Savemore Mendez,,,,,,,,,,,
,,,,,,,,,,,,,,,,,,,,
SOL,600358,4/20/2022,OBC,800780,3/21/2022,4/20/2022,Savemore Mendez,Savemore Mendez,Savemore Mendez,703020,702002,1,7200033,,apbox,7,CM10AM,1,t,
SOL,600358,4/20/2022,OBC,800780,3/21/2022,4/20/2022,Savemore Mendez,Savemore Mendez,Savemore Mendez,703020,702002,2,7200032,,apbox,4,CM10AM,1,t,
,,,,,,,,,,,,,,,,,,,,
,,,,,,,,,,,,,,,,,,,,
,,,,,,,,,,,,,,,,,,,,
,,,,,,,,,,,,,,,,,,,,
,,,,,,,,,,,,,,,,,,,,
,,,,,,,,,,,,,,,,,,,,
SOH,600359,4/20/2022,OBC,800620,3/21/2022,4/20/2022,Savemore Alapan Imus,Savemore Alapan Imus,Savemore Alapan Imus,,,,,,,,,,,
,,,,,,,,,,,,,,,,,,,,
SOL,600359,4/20/2022,OBC,800620,3/21/2022,4/20/2022,Savemore Alapan Imus,Savemore Alapan Imus,Savemore Alapan Imus,703020,702002,1,7200033,,apbox,8,CM10AM,1,t,obc
SOL,600359,4/20/2022,OBC,800620,3/21/2022,4/20/2022,Savemore Alapan Imus,Savemore Alapan Imus,Savemore Alapan Imus,703020,702002,2,7200032,,apbox,6,CM10AM,1,t,obc
,,,,,,,,,,,,,,,,,,,,
,,,,,,,,,,,,,,,,,,,,
,,,,,,,,,,,,,,,,,,,,
,,,,,,,,,,,,,,,,,,,,
,,,,,,,,,,,,,,,,,,,,
,,,,,,,,,,,,,,,,,,,,
SOH,600360,4/20/2022,OBC,800313,3/20/2022,4/20/2022,Savemore Salawag,Savemore Salawag,Savemore Salawag,,,,,,,,,,,
,,,,,,,,,,,,,,,,,,,,
SOL,600360,4/20/2022,OBC,800313,3/20/2022,4/20/2022,Savemore Salawag,Savemore Salawag,Savemore Salawag,703020,702002,1,7200033,,apbox,3,CM10AM,1,t,
SOL,600360,4/20/2022,OBC,800313,3/20/2022,4/20/2022,Savemore Salawag,Savemore Salawag,Savemore Salawag,703020,702002,2,7200032,,apbox,1,CM10AM,1,t,
,,,,,,,,,,,,,,,,,,,,
,,,,,,,,,,,,,,,,,,,,
,,,,,,,,,,,,,,,,,,,,
,,,,,,,,,,,,,,,,,,,,
,,,,,,,,,,,,,,,,,,,,
,,,,,,,,,,,,,,,,,,,,
SOH,600361,4/20/2022,OBC,800402,3/21/2022,4/20/2022,Hypermarket Balagtas Batangas,Hypermarket Balagtas Batangas,Hypermarket Balagtas Batangas,,,,,,,,,,,
,,,,,,,,,,,,,,,,,,,,
SOL,600361,4/20/2022,OBC,800402,3/21/2022,4/20/2022,Hypermarket Balagtas Batangas,Hypermarket Balagtas Batangas,Hypermarket Balagtas Batangas,703020,702002,1,7200032,,apbox,3,CM10AM,1,t,
SOL,600361,4/20/2022,OBC,800402,3/21/2022,4/20/2022,Hypermarket Balagtas Batangas,Hypermarket Balagtas Batangas,Hypermarket Balagtas Batangas,703020,702002,2,7200033,,apbox,4,CM10AM,1,t,
,,,,,,,,,,,,,,,,,,,,
,,,,,,,,,,,,,,,,,,,,
,,,,,,,,,,,,,,,,,,,,
,,,,,,,,,,,,,,,,,,,,
,,,,,,,,,,,,,,,,,,,,
,,,,,,,,,,,,,,,,,,,,
SOH,600369,4/20/2022,OBC,800665,3/19/2022,4/20/2022,Waltermart Makiling,Waltermart Makiling,Waltermart Makiling,,,,,,,,,,,
,,,,,,,,,,,,,,,,,,,,
SOL,600369,4/20/2022,OBC,800665,3/19/2022,4/20/2022,Waltermart Makiling,Waltermart Makiling,Waltermart Makiling,703020,702002,1,7200033,,apbox,10,CM10AM,1,t,120 SETS
SOL,600369,4/20/2022,OBC,800665,3/19/2022,4/20/2022,Waltermart Makiling,Waltermart Makiling,Waltermart Makiling,703020,702002,2,7200032,,apbox,5,CM10AM,1,t,
,,,,,,,,,,,,,,,,,,,,
,,,,,,,,,,,,,,,,,,,,
,,,,,,,,,,,,,,,,,,,,
,,,,,,,,,,,,,,,,,,,,
,,,,,,,,,,,,,,,,,,,,
,,,,,,,,,,,,,,,,,,,,
SOH,600370,4/20/2022,OBC,800794,3/21/2022,4/20/2022,Southwoods Laguna,Southwoods Laguna,Southwoods Laguna,,,,,,,,,,,
,,,,,,,,,,,,,,,,,,,,
SOL,600370,4/20/2022,OBC,800794,3/21/2022,4/20/2022,Southwoods Laguna,Southwoods Laguna,Southwoods Laguna,703020,702002,1,7200033,,apbox,7,CM10AM,1,t,
SOL,600370,4/20/2022,OBC,800794,3/21/2022,4/20/2022,Southwoods Laguna,Southwoods Laguna,Southwoods Laguna,703020,702002,2,7200032,,apbox,4,CM10AM,1,t,
SOL,600370,4/20/2022,OBC,800794,3/21/2022,4/20/2022,Southwoods Laguna,Southwoods Laguna,Southwoods Laguna,703020,702002,3,1280283,,kgs,1,CM10AM,1,t,
,,,,,,,,,,,,,,,,,,,,
,,,,,,,,,,,,,,,,,,,,
,,,,,,,,,,,,,,,,,,,,
,,,,,,,,,,,,,,,,,,,,
,,,,,,,,,,,,,,,,,,,,
,,,,,,,,,,,,,,,,,,,,
SOH,600377,4/20/2022,RSO,911695,3/21/2022,4/20/2022,600377,Hypermarket Lemery Batangas,Hypermarket Lemery Batangas,,,,,,,,,,,
,,,,,,,,,,,,,,,,,,,,
SOL,600377,4/20/2022,RSO,911695,3/21/2022,4/20/2022,600377,Hypermarket Lemery Batangas,Hypermarket Lemery Batangas,703020,702002,1,7200032,,apbox,1,CM10AM,1,f,
SOL,600377,4/20/2022,RSO,911695,3/21/2022,4/20/2022,600377,Hypermarket Lemery Batangas,Hypermarket Lemery Batangas,703020,702002,2,7200033,,apbox,2,CM10AM,1,f,
,,,,,,,,,,,,,,,,,,,,
,,,,,,,,,,,,,,,,,,,,
,,,,,,,,,,,,,,,,,,,,
,,,,,,,,,,,,,,,,,,,,
,,,,,,,,,,,,,,,,,,,,
,,,,,,,,,,,,,,,,,,,,
SOH,600382,4/20/2022,OBC,800597,3/22/2022,4/20/2022,Brookside Lane gen Trias,Brookside Lane gen Trias,Brookside Lane gen Trias,,,,,,,,,,,
,,,,,,,,,,,,,,,,,,,,
SOL,600382,4/20/2022,OBC,800597,3/22/2022,4/20/2022,Brookside Lane gen Trias,Brookside Lane gen Trias,Brookside Lane gen Trias,703020,702002,1,7200033,,apbox,8,CM10AM,1,t,
SOL,600382,4/20/2022,OBC,800597,3/22/2022,4/20/2022,Brookside Lane gen Trias,Brookside Lane gen Trias,Brookside Lane gen Trias,703020,702002,2,7200032,,apbox,2,CM10AM,1,t,
SOL,600382,4/20/2022,OBC,800597,3/22/2022,4/20/2022,Brookside Lane gen Trias,Brookside Lane gen Trias,Brookside Lane gen Trias,703020,702002,3,1280283,,kgs,1,CM10AM,1,t,
,,,,,,,,,,,,,,,,,,,,
,,,,,,,,,,,,,,,,,,,,
,,,,,,,,,,,,,,,,,,,,
,,,,,,,,,,,,,,,,,,,,
,,,,,,,,,,,,,,,,,,,,
,,,,,,,,,,,,,,,,,,,,
SOH,600388,4/20/2022,OBC,800611,3/19/2022,4/20/2022,Calamba shopping Center,Calamba shopping Center,Calamba shopping Center,,,,,,,,,,,
,,,,,,,,,,,,,,,,,,,,
SOL,600388,4/20/2022,OBC,800611,3/19/2022,4/20/2022,Calamba shopping Center,Calamba shopping Center,Calamba shopping Center,703020,702002,1,7200033,,apbox,12,CM10AM,1,t,
SOL,600388,4/20/2022,OBC,800611,3/19/2022,4/20/2022,Calamba shopping Center,Calamba shopping Center,Calamba shopping Center,703020,702002,2,1280283,,kgs,0.5,CM10AM,1,t,500 grams
SOL,600388,4/20/2022,OBC,800611,3/19/2022,4/20/2022,Calamba shopping Center,Calamba shopping Center,Calamba shopping Center,703020,702002,3,7200032,,apbox,6,CM10AM,1,t,
,,,,,,,,,,,,,,,,,,,,
,,,,,,,,,,,,,,,,,,,,
,,,,,,,,,,,,,,,,,,,,
,,,,,,,,,,,,,,,,,,,,
,,,,,,,,,,,,,,,,,,,,
,,,,,,,,,,,,,,,,,,,,
SOH,600389,4/20/2022,OBC,800495,3/21/2022,4/20/2022,Waltermart Nasugbu,Waltermart Nasugbu,Waltermart Nasugbu,,,,,,,,,,,
,,,,,,,,,,,,,,,,,,,,
SOL,600389,4/20/2022,OBC,800495,3/21/2022,4/20/2022,Waltermart Nasugbu,Waltermart Nasugbu,Waltermart Nasugbu,703020,702002,1,7200033,,apbox,8,CM10AM,1,t,
SOL,600389,4/20/2022,OBC,800495,3/21/2022,4/20/2022,Waltermart Nasugbu,Waltermart Nasugbu,Waltermart Nasugbu,703020,702002,2,7200032,,apbox,8,CM10AM,1,t,
,,,,,,,,,,,,,,,,,,,,
,,,,,,,,,,,,,,,,,,,,
,,,,,,,,,,,,,,,,,,,,
,,,,,,,,,,,,,,,,,,,,
,,,,,,,,,,,,,,,,,,,,
,,,,,,,,,,,,,,,,,,,,
SOH,600399,4/20/2022,OBC,800106,3/21/2022,4/20/2022,Savemore XRC Batangas,Savemore XRC Batangas,Savemore XRC Batangas,,,,,,,,,,,
,,,,,,,,,,,,,,,,,,,,
SOL,600399,4/20/2022,OBC,800106,3/21/2022,4/20/2022,Savemore XRC Batangas,Savemore XRC Batangas,Savemore XRC Batangas,703020,702002,1,7200033,,apbox,2,CM10AM,1,t,
SOL,600399,4/20/2022,OBC,800106,3/21/2022,4/20/2022,Savemore XRC Batangas,Savemore XRC Batangas,Savemore XRC Batangas,703020,702002,2,7200032,,apbox,1,CM10AM,1,t,
,,,,,,,,,,,,,,,,,,,,
,,,,,,,,,,,,,,,,,,,,
,,,,,,,,,,,,,,,,,,,,
,,,,,,,,,,,,,,,,,,,,
,,,,,,,,,,,,,,,,,,,,
,,,,,,,,,,,,,,,,,,,,
SOH,600413,4/20/2022,RSO,1305,3/21/2022,4/20/2022,600413,Lemery Bayan,Lemery Bayan,,,,,,,,,,,
,,,,,,,,,,,,,,,,,,,,
SOL,600413,4/20/2022,RSO,1305,3/21/2022,4/20/2022,600413,Lemery Bayan,Lemery Bayan,703020,702002,1,7200032,,apbox,3,CM10AM,1,f,
SOL,600413,4/20/2022,RSO,1305,3/21/2022,4/20/2022,600413,Lemery Bayan,Lemery Bayan,703020,702002,2,7200033,,apbox,6,CM10AM,1,f,
,,,,,,,,,,,,,,,,,,,,
,,,,,,,,,,,,,,,,,,,,
,,,,,,,,,,,,,,,,,,,,
,,,,,,,,,,,,,,,,,,,,
,,,,,,,,,,,,,,,,,,,,
,,,,,,,,,,,,,,,,,,,,
SOH,600416,4/20/2022,OBC,800285,3/21/2022,4/20/2022,Bauan Citimart,Bauan Citimart,Bauan Citimart,,,,,,,,,,,
,,,,,,,,,,,,,,,,,,,,
SOL,600416,4/20/2022,OBC,800285,3/21/2022,4/20/2022,Bauan Citimart,Bauan Citimart,Bauan Citimart,703020,702002,1,7200033,,apbox,10,CM10AM,1,t,
SOL,600416,4/20/2022,OBC,800285,3/21/2022,4/20/2022,Bauan Citimart,Bauan Citimart,Bauan Citimart,703020,702002,2,7200032,,apbox,7,CM10AM,1,t,
,,,,,,,,,,,,,,,,,,,,
,,,,,,,,,,,,,,,,,,,,
,,,,,,,,,,,,,,,,,,,,
,,,,,,,,,,,,,,,,,,,,
,,,,,,,,,,,,,,,,,,,,
,,,,,,,,,,,,,,,,,,,,
SOH,600419,4/20/2022,OBC,800483,3/21/2022,4/20/2022,Alfonso Cavite,Alfonso Cavite,Alfonso Cavite,,,,,,,,,,,
,,,,,,,,,,,,,,,,,,,,
SOL,600419,4/20/2022,OBC,800483,3/21/2022,4/20/2022,Alfonso Cavite,Alfonso Cavite,Alfonso Cavite,703020,702002,1,7200033,,apbox,5,CM10AM,1,t,
SOL,600419,4/20/2022,OBC,800483,3/21/2022,4/20/2022,Alfonso Cavite,Alfonso Cavite,Alfonso Cavite,703020,702002,2,7200032,,apbox,2,CM10AM,1,t,
,,,,,,,,,,,,,,,,,,,,
,,,,,,,,,,,,,,,,,,,,
,,,,,,,,,,,,,,,,,,,,
,,,,,,,,,,,,,,,,,,,,
,,,,,,,,,,,,,,,,,,,,
,,,,,,,,,,,,,,,,,,,,
SOH,600422,4/20/2022,OBC,800558,3/21/2022,4/20/2022,Supermarket Bacoor,Supermarket Bacoor,Supermarket Bacoor,,,,,,,,,,,
,,,,,,,,,,,,,,,,,,,,
SOL,600422,4/20/2022,OBC,800558,3/21/2022,4/20/2022,Supermarket Bacoor,Supermarket Bacoor,Supermarket Bacoor,703020,702002,1,7200033,,apbox,8,CM10AM,1,t,
SOL,600422,4/20/2022,OBC,800558,3/21/2022,4/20/2022,Supermarket Bacoor,Supermarket Bacoor,Supermarket Bacoor,703020,702002,2,7200032,,apbox,5,CM10AM,1,t,
,,,,,,,,,,,,,,,,,,,,
,,,,,,,,,,,,,,,,,,,,
,,,,,,,,,,,,,,,,,,,,
,,,,,,,,,,,,,,,,,,,,
,,,,,,,,,,,,,,,,,,,,
,,,,,,,,,,,,,,,,,,,,
SOH,600426,4/20/2022,OBC,800228,3/21/2022,4/20/2022,SM Supermarket Calamba,SM Supermarket Calamba,SM Supermarket Calamba,,,,,,,,,,,
,,,,,,,,,,,,,,,,,,,,
SOL,600426,4/20/2022,OBC,800228,3/21/2022,4/20/2022,SM Supermarket Calamba,SM Supermarket Calamba,SM Supermarket Calamba,703020,702002,1,7200033,,apbox,4,CM10AM,1,t,
SOL,600426,4/20/2022,OBC,800228,3/21/2022,4/20/2022,SM Supermarket Calamba,SM Supermarket Calamba,SM Supermarket Calamba,703020,702002,2,7200032,,apbox,2,CM10AM,1,t,
,,,,,,,,,,,,,,,,,,,,
,,,,,,,,,,,,,,,,,,,,
,,,,,,,,,,,,,,,,,,,,
,,,,,,,,,,,,,,,,,,,,
,,,,,,,,,,,,,,,,,,,,
,,,,,,,,,,,,,,,,,,,,
SOH,600428,4/20/2022,OBC,800150,3/21/2022,4/20/2022,Savemore Meridian Tagaytay,Savemore Meridian Tagaytay,Savemore Meridian Tagaytay,,,,,,,,,,,
,,,,,,,,,,,,,,,,,,,,
SOL,600428,4/20/2022,OBC,800150,3/21/2022,4/20/2022,Savemore Meridian Tagaytay,Savemore Meridian Tagaytay,Savemore Meridian Tagaytay,703020,702002,1,7200033,,apbox,2,CM10AM,1,t,
SOL,600428,4/20/2022,OBC,800150,3/21/2022,4/20/2022,Savemore Meridian Tagaytay,Savemore Meridian Tagaytay,Savemore Meridian Tagaytay,703020,702002,2,7200032,,apbox,1,CM10AM,1,t,
,,,,,,,,,,,,,,,,,,,,
,,,,,,,,,,,,,,,,,,,,
,,,,,,,,,,,,,,,,,,,,
,,,,,,,,,,,,,,,,,,,,
,,,,,,,,,,,,,,,,,,,,
,,,,,,,,,,,,,,,,,,,,
SOH,600435,4/20/2022,OBC,800475,3/22/2022,4/20/2022,Waltermart Trece Martires,Waltermart Trece Martires,Waltermart Trece Martires,,,,,,,,,,,
,,,,,,,,,,,,,,,,,,,,
SOL,600435,4/20/2022,OBC,800475,3/22/2022,4/20/2022,Waltermart Trece Martires,Waltermart Trece Martires,Waltermart Trece Martires,703020,702002,1,7200033,,apbox,5,CM10AM,1,t,
SOL,600435,4/20/2022,OBC,800475,3/22/2022,4/20/2022,Waltermart Trece Martires,Waltermart Trece Martires,Waltermart Trece Martires,703020,702002,2,7200032,,apbox,2,CM10AM,1,t,
,,,,,,,,,,,,,,,,,,,,
,,,,,,,,,,,,,,,,,,,,
,,,,,,,,,,,,,,,,,,,,
,,,,,,,,,,,,,,,,,,,,
,,,,,,,,,,,,,,,,,,,,
,,,,,,,,,,,,,,,,,,,,
SOH,600458,4/20/2022,OBC,800113,3/21/2022,4/20/2022,Savemore Garden Villas,Savemore Garden Villas,Savemore Garden Villas,,,,,,,,,,,
,,,,,,,,,,,,,,,,,,,,
SOL,600458,4/20/2022,OBC,800113,3/21/2022,4/20/2022,Savemore Garden Villas,Savemore Garden Villas,Savemore Garden Villas,703020,702002,1,7200033,,apbox,4,CM10AM,1,t,
SOL,600458,4/20/2022,OBC,800113,3/21/2022,4/20/2022,Savemore Garden Villas,Savemore Garden Villas,Savemore Garden Villas,703020,702002,2,7200032,,apbox,4,CM10AM,1,t,
,,,,,,,,,,,,,,,,,,,,
,,,,,,,,,,,,,,,,,,,,
,,,,,,,,,,,,,,,,,,,,
,,,,,,,,,,,,,,,,,,,,
,,,,,,,,,,,,,,,,,,,,
,,,,,,,,,,,,,,,,,,,,
SOH,600459,4/20/2022,OBC,800080,3/21/2022,4/20/2022,Savemore Primark Noveleta,Savemore Primark Noveleta,Savemore Primark Noveleta,,,,,,,,,,,
,,,,,,,,,,,,,,,,,,,,
SOL,600459,4/20/2022,OBC,800080,3/21/2022,4/20/2022,Savemore Primark Noveleta,Savemore Primark Noveleta,Savemore Primark Noveleta,703020,702002,1,7200033,,apbox,2,CM10AM,1,t,
SOL,600459,4/20/2022,OBC,800080,3/21/2022,4/20/2022,Savemore Primark Noveleta,Savemore Primark Noveleta,Savemore Primark Noveleta,703020,702002,2,7200032,,apbox,1,CM10AM,1,t,
,,,,,,,,,,,,,,,,,,,,
,,,,,,,,,,,,,,,,,,,,
,,,,,,,,,,,,,,,,,,,,
,,,,,,,,,,,,,,,,,,,,
,,,,,,,,,,,,,,,,,,,,
,,,,,,,,,,,,,,,,,,,,
SOH,600460,4/20/2022,OBC,800107,3/21/2022,4/20/2022,Savemore Banlic ,Savemore Banlic ,Savemore Banlic ,,,,,,,,,,,
,,,,,,,,,,,,,,,,,,,,
SOL,600460,4/20/2022,OBC,800107,3/21/2022,4/20/2022,Savemore Banlic ,Savemore Banlic ,Savemore Banlic ,703020,702002,1,7200033,,apbox,3,CM10AM,1,t,
SOL,600460,4/20/2022,OBC,800107,3/21/2022,4/20/2022,Savemore Banlic ,Savemore Banlic ,Savemore Banlic ,703020,702002,2,7200032,,apbox,2,CM10AM,1,t,
,,,,,,,,,,,,,,,,,,,,
,,,,,,,,,,,,,,,,,,,,
,,,,,,,,,,,,,,,,,,,,
,,,,,,,,,,,,,,,,,,,,
,,,,,,,,,,,,,,,,,,,,
,,,,,,,,,,,,,,,,,,,,
SOH,600470,4/20/2022,OBC,800184,3/21/2022,4/20/2022,Amaya Tanza,Amaya Tanza,Amaya Tanza,,,,,,,,,,,
,,,,,,,,,,,,,,,,,,,,
SOL,600470,4/20/2022,OBC,800184,3/21/2022,4/20/2022,Amaya Tanza,Amaya Tanza,Amaya Tanza,703020,702002,1,7200033,,apbox,4,CM10AM,1,t,obc
SOL,600470,4/20/2022,OBC,800184,3/21/2022,4/20/2022,Amaya Tanza,Amaya Tanza,Amaya Tanza,703020,702002,2,7200032,,apbox,3,CM10AM,1,t,obc
,,,,,,,,,,,,,,,,,,,,
,,,,,,,,,,,,,,,,,,,,
,,,,,,,,,,,,,,,,,,,,
,,,,,,,,,,,,,,,,,,,,
,,,,,,,,,,,,,,,,,,,,
,,,,,,,,,,,,,,,,,,,,
SOH,600477,4/20/2022,OBC,800081,3/21/2022,4/20/2022,SERIN TAGAYTAY,SERIN TAGAYTAY,SERIN TAGAYTAY,,,,,,,,,,,
,,,,,,,,,,,,,,,,,,,,
SOL,600477,4/20/2022,OBC,800081,3/21/2022,4/20/2022,SERIN TAGAYTAY,SERIN TAGAYTAY,SERIN TAGAYTAY,703020,702002,1,7200033,,apbox,2,CM10AM,1,t,
SOL,600477,4/20/2022,OBC,800081,3/21/2022,4/20/2022,SERIN TAGAYTAY,SERIN TAGAYTAY,SERIN TAGAYTAY,703020,702002,2,7200032,,apbox,1,CM10AM,1,t,
,,,,,,,,,,,,,,,,,,,,
,,,,,,,,,,,,,,,,,,,,
,,,,,,,,,,,,,,,,,,,,
,,,,,,,,,,,,,,,,,,,,
,,,,,,,,,,,,,,,,,,,,
,,,,,,,,,,,,,,,,,,,,
SOH,600478,4/20/2022,OBC,800053,3/21/2022,4/20/2022,Lucsuhin,Lucsuhin,Lucsuhin,,,,,,,,,,,
,,,,,,,,,,,,,,,,,,,,
SOL,600478,4/20/2022,OBC,800053,3/21/2022,4/20/2022,Lucsuhin,Lucsuhin,Lucsuhin,703020,702002,1,7200033,,apbox,6,CM10AM,1,t,
SOL,600478,4/20/2022,OBC,800053,3/21/2022,4/20/2022,Lucsuhin,Lucsuhin,Lucsuhin,703020,702002,2,7200032,,apbox,6,CM10AM,1,t,
,,,,,,,,,,,,,,,,,,,,
,,,,,,,,,,,,,,,,,,,,
,,,,,,,,,,,,,,,,,,,,
,,,,,,,,,,,,,,,,,,,,
,,,,,,,,,,,,,,,,,,,,
,,,,,,,,,,,,,,,,,,,,
SOH,600488,4/20/2022,OBC,800034,3/21/2022,4/20/2022,Savemore Binan,Savemore Binan,Savemore Binan,,,,,,,,,,,
,,,,,,,,,,,,,,,,,,,,
SOL,600488,4/20/2022,OBC,800034,3/21/2022,4/20/2022,Savemore Binan,Savemore Binan,Savemore Binan,703020,702002,1,7200033,,apbox,3,CM10AM,1,t,
SOL,600488,4/20/2022,OBC,800034,3/21/2022,4/20/2022,Savemore Binan,Savemore Binan,Savemore Binan,703020,702002,2,7200032,,apbox,2,CM10AM,1,t,
,,,,,,,,,,,,,,,,,,,,
,,,,,,,,,,,,,,,,,,,,
,,,,,,,,,,,,,,,,,,,,
,,,,,,,,,,,,,,,,,,,,
,,,,,,,,,,,,,,,,,,,,
,,,,,,,,,,,,,,,,,,,,
SOH,600491,4/20/2022,RSO,138,3/20/2022,4/20/2022,600491,SAVEMORE SALITRAN,SAVEMORE SALITRAN,,,,,,,,,,,
,,,,,,,,,,,,,,,,,,,,
SOL,600491,4/20/2022,RSO,138,3/20/2022,4/20/2022,600491,SAVEMORE SALITRAN,SAVEMORE SALITRAN,703020,702002,1,7200033,,apbox,3,CM10AM,1,f,
SOL,600491,4/20/2022,RSO,138,3/20/2022,4/20/2022,600491,SAVEMORE SALITRAN,SAVEMORE SALITRAN,703020,702002,2,7200032,,apbox,2,CM10AM,1,f,
,,,,,,,,,,,,,,,,,,,,
,,,,,,,,,,,,,,,,,,,,
,,,,,,,,,,,,,,,,,,,,
,,,,,,,,,,,,,,,,,,,,
,,,,,,,,,,,,,,,,,,,,
,,,,,,,,,,,,,,,,,,,,
SOH,600499,4/20/2022,OBC,800049,3/21/2022,4/20/2022,Waltermart Candelaria,Waltermart Candelaria,Waltermart Candelaria,,,,,,,,,,,
,,,,,,,,,,,,,,,,,,,,
SOL,600499,4/20/2022,OBC,800049,3/21/2022,4/20/2022,Waltermart Candelaria,Waltermart Candelaria,Waltermart Candelaria,703020,702002,1,7200033,,apbox,3,CM10AM,1,t,
SOL,600499,4/20/2022,OBC,800049,3/21/2022,4/20/2022,Waltermart Candelaria,Waltermart Candelaria,Waltermart Candelaria,703020,702002,2,7200032,,apbox,5,CM10AM,1,t,
,,,,,,,,,,,,,,,,,,,,
,,,,,,,,,,,,,,,,,,,,
,,,,,,,,,,,,,,,,,,,,
,,,,,,,,,,,,,,,,,,,,
,,,,,,,,,,,,,,,,,,,,
,,,,,,,,,,,,,,,,,,,,
SOH,600500,4/20/2022,OBC,800048,3/21/2022,4/20/2022,WM Cabuyao,WM Cabuyao,WM Cabuyao,,,,,,,,,,,
,,,,,,,,,,,,,,,,,,,,
SOL,600500,4/20/2022,OBC,800048,3/21/2022,4/20/2022,WM Cabuyao,WM Cabuyao,WM Cabuyao,703020,702002,1,7200033,,apbox,5,CM10AM,1,t,
SOL,600500,4/20/2022,OBC,800048,3/21/2022,4/20/2022,WM Cabuyao,WM Cabuyao,WM Cabuyao,703020,702002,2,7200032,,apbox,2,CM10AM,1,t,
,,,,,,,,,,,,,,,,,,,,
,,,,,,,,,,,,,,,,,,,,
,,,,,,,,,,,,,,,,,,,,
,,,,,,,,,,,,,,,,,,,,
,,,,,,,,,,,,,,,,,,,,
,,,,,,,,,,,,,,,,,,,,
SOH,600501,4/20/2022,OBC,800010,3/21/2022,4/20/2022,Sm City Rosario Cavite,Sm City Rosario Cavite,Sm City Rosario Cavite,,,,,,,,,,,
,,,,,,,,,,,,,,,,,,,,
SOL,600501,4/20/2022,OBC,800010,3/21/2022,4/20/2022,Sm City Rosario Cavite,Sm City Rosario Cavite,Sm City Rosario Cavite,703020,702002,1,7200033,,apbox,12,CM10AM,1,t,
SOL,600501,4/20/2022,OBC,800010,3/21/2022,4/20/2022,Sm City Rosario Cavite,Sm City Rosario Cavite,Sm City Rosario Cavite,703020,702002,2,7200032,,apbox,2,CM10AM,1,t,
,,,,,,,,,,,,,,,,,,,,
,,,,,,,,,,,,,,,,,,,,
,,,,,,,,,,,,,,,,,,,,
,,,,,,,,,,,,,,,,,,,,
,,,,,,,,,,,,,,,,,,,,
,,,,,,,,,,,,,,,,,,,,
SOH,600505,4/20/2022,OBC,800005,3/21/2022,4/20/2022,GOW4  Robinson Imus,GOW4  Robinson Imus,GOW4  Robinson Imus,,,,,,,,,,,
,,,,,,,,,,,,,,,,,,,,
SOL,600505,4/20/2022,OBC,800005,3/21/2022,4/20/2022,GOW4  Robinson Imus,GOW4  Robinson Imus,GOW4  Robinson Imus,703020,702002,1,7200033,,apbox,2,CM10AM,1,t,
SOL,600505,4/20/2022,OBC,800005,3/21/2022,4/20/2022,GOW4  Robinson Imus,GOW4  Robinson Imus,GOW4  Robinson Imus,703020,702002,2,7200032,,apbox,1,CM10AM,1,t,
